Time (seconds),strength
0.77,1141
0.87,1049
0.97,1009
1.08,1007
1.18,989
1.28,1069
1.39,1011
1.49,1047
1.60,1049
1.70,1043
1.80,1047
1.91,1048
2.01,1012
2.12,1044
2.22,1042
2.32,1052
2.43,1037
2.53,1041
2.64,1023
2.74,1032
2.84,1036
2.95,1035
3.05,1009
3.16,1045
3.28,1040
3.38,1050
3.49,1021
3.59,1080
3.70,1012
3.80,1029
3.90,1002
4.01,1051
4.11,1049
4.22,960
4.32,1021
4.42,947
4.53,1065
4.63,1038
4.74,1070
4.84,1393
4.94,2892
5.05,1128
5.15,1101
5.26,1030
5.36,989
5.46,1029
5.57,1045
5.67,1000
5.78,1047
5.88,1014
6.00,1030
6.11,1019
6.21,1037
6.32,1027
6.42,1077
6.52,1044
6.63,1014
6.73,956
6.84,1208
6.94,980
7.04,954
7.15,1029
7.25,1008
7.36,1167
7.46,985
7.56,803
7.67,1321
7.77,1065
7.88,1201
7.98,971
8.08,959
8.19,1100
8.29,1111
8.40,1040
8.50,882
8.60,1035
8.73,1068
8.83,1049
8.94,1160
9.04,999
9.14,1008
9.25,991
9.35,1091
9.46,1064
9.56,1047
9.66,1052
9.77,963
9.87,1005
9.98,1149
10.08,1102
10.18,913
10.29,926
10.39,1069
10.50,1044
10.60,998
10.70,1017
10.81,1155
10.91,1360
11.02,1139
11.12,896
11.22,800
11.35,1017
11.45,1106
11.56,1277
11.66,1224
11.76,825
11.87,1047
11.97,1157
12.08,1028
12.18,1047
12.28,1035
12.39,1049
12.49,1013
12.60,1090
12.70,1161
12.80,1009
12.91,989
13.01,1060
13.12,1031
13.22,1133
13.32,1019
13.43,1052
13.53,1013
13.64,1054
13.74,1186
13.86,1061
13.97,1459
14.07,1096
14.18,1006
14.28,1020
14.38,992
14.49,1031
14.59,1082
14.70,1029
14.80,1021
14.90,1041
15.01,1035
15.11,1018
15.22,1027
15.32,1035
15.42,997
15.53,1053
15.63,1027
15.74,1033
15.84,1028
15.94,1045
16.05,1054
16.15,1021
16.28,1024
16.38,1029
16.48,1045
16.59,1029
16.69,1009
16.80,1034
16.90,1036
17.01,1015
17.11,1043
17.21,1018
17.32,1040
17.42,1037
17.52,1032
17.63,1015
17.73,1082
17.84,1024
17.94,985
18.04,1227
18.15,976
18.25,981
18.36,1167
18.46,1083
18.56,814
18.67,941
18.79,1210
18.90,1024
19.00,1009
19.10,1069
19.21,1137
19.31,1041
19.42,898
19.52,1043
19.62,1082
19.73,1051
19.83,1062
19.94,1023
20.04,1035
20.14,936
20.25,1057
20.35,1037
20.46,1063
20.56,934
20.66,996
20.77,1034
20.87,979
20.98,1037
21.08,1028
21.18,1013
21.31,971
21.41,1011
21.52,1014
21.62,1083
21.72,925
21.83,1009
21.93,1141
22.04,975
22.14,994
22.24,1075
22.35,1070
22.45,1062
22.56,920
22.66,1068
22.76,973
22.87,966
22.97,969
23.08,1005
23.18,1116
23.28,1086
23.39,796
23.49,1302
23.60,1063
23.70,1097
23.82,1076
23.93,1174
24.03,1044
24.14,1056
24.24,934
24.34,1107
24.45,972
24.55,1062
24.66,1025
24.76,881
24.86,1312
24.97,1082
25.07,1004
25.18,998
25.28,999
25.38,1054
25.49,1008
25.59,1032
25.70,1000
25.80,1031
25.90,1022
26.01,1080
26.11,1028
26.22,1023
26.34,1039
26.44,1000
26.54,1037
26.65,1009
26.75,1042
26.86,1030
26.96,1015
27.06,1051
27.17,1033
27.27,999
27.38,1059
27.48,1034
27.58,1032
27.69,1028
27.79,1017
27.90,1048
28.00,1022
28.10,1023
28.21,1030
28.31,1036
28.42,1025
28.52,1019
28.62,1024
28.75,1025
28.85,1015
28.96,1035
29.06,1021
29.16,1021
29.27,1021
29.37,1037
29.48,1019
29.58,1029
29.68,1027
29.79,1033
29.89,1029
30.00,1023
30.10,1034
30.20,1029
30.31,1019
30.41,1024
30.52,1029
30.62,1023
30.72,1034
30.83,1031
30.93,1027
31.04,1026
31.16,1020
31.26,1027
31.37,1026
31.47,1017
31.58,1028
31.68,1022
31.78,1032
31.89,1023
31.99,1028
32.10,1024
32.20,1020
32.30,1035
32.41,1030
32.51,1018
32.62,1040
32.72,1031
32.82,1026
32.93,1000
33.03,1039
33.14,1037
33.24,1029
33.34,1033
33.45,1027
33.57,1026
33.68,1027
33.78,1018
33.88,1032
33.99,1081
34.09,953
34.20,1052
34.30,1078
34.40,1186
34.51,2299
34.61,1676
34.72,713
34.82,939
34.92,1098
35.03,997
35.13,976
35.24,1011
35.34,957
35.44,1070
35.55,921
35.65,926
35.76,1211
35.86,1017
35.96,1072
36.09,1038
36.19,986
36.30,1095
36.40,1056
36.50,1026
36.61,1030
36.71,1048
36.82,1025
36.92,1016
37.02,1078
37.13,1013
37.23,1050
37.34,968
37.44,1016
37.54,1049
37.65,1035
37.75,1033
37.86,1046
37.96,1017
38.06,987
38.17,1182
38.27,983
38.38,1054
38.48,1049
38.60,1007
38.71,1049
38.81,1048
38.92,1030
39.02,1026
39.12,1034
39.23,1017
39.33,995
39.44,1043
39.54,1080
39.64,1020
39.75,1010
39.85,1004
39.96,1002
40.06,1020
40.16,1030
40.27,1030
40.37,1037
40.48,1025
40.58,1026
40.68,1007
40.79,1006
40.89,1023
41.12,1039
41.22,1150
41.33,1038
41.43,1057
41.54,1041
41.64,976
41.74,1108
41.85,999
41.95,994
42.06,1049
42.16,1018
42.26,1020
42.37,1075
42.47,1087
42.58,1143
42.68,1006
42.78,1070
42.89,968
42.99,1023
43.10,998
43.20,1044
43.30,1016
43.41,1018
43.51,1008
43.64,1032
43.74,1050
43.84,1030
43.95,985
44.05,1037
44.16,1070
44.26,1028
44.36,1051
44.47,1023
44.57,1018
44.68,1010
44.78,1043
44.89,1021
44.99,1026
45.09,1019
45.20,1025
45.30,1054
45.40,1018
45.51,1041
45.61,1029
45.72,1034
45.82,1041
45.92,1035
46.04,1026
46.15,1026
46.25,1026
46.36,1026
46.46,1073
46.56,1014
46.67,919
46.77,1041
46.88,1061
46.98,1028
47.08,1031
47.19,1019
47.29,1022
47.40,1033
47.50,1062
47.60,997
47.71,968
47.81,1019
47.92,1043
48.02,1019
48.12,1023
48.23,1025
48.33,1030
48.44,1021
48.56,1021
48.66,1026
48.77,1020
48.87,1023
48.98,1027
49.08,1017
49.18,1034
49.29,1023
49.39,1035
49.50,1023
49.60,1030
49.70,1031
49.81,1025
49.91,1022
50.02,1024
50.12,1030
50.22,1034
50.33,1033
50.43,1036
50.54,1024
50.64,1035
50.74,1023
50.85,1048
50.97,1031
51.08,1029
51.18,1031
51.28,1030
51.39,1033
51.49,1031
51.60,1033
51.70,1009
51.80,1037
51.91,1040
52.01,1034
52.12,1020
52.22,1026
52.33,1026
52.43,1029
52.53,1023
52.64,1023
52.74,1026
52.84,1024
52.95,1079
53.05,1030
53.16,1024
53.26,1038
53.36,1004
53.49,1016
53.59,1035
53.70,1034
53.80,1021
53.90,1018
54.01,1034
54.11,1029
54.22,1029
54.32,1027
54.42,1031
54.53,1029
54.63,1029
54.74,1031
54.84,1034
54.94,1026
55.05,1033
55.15,1031
55.26,1029
55.36,1034
55.46,1031
55.57,1026
55.67,1024
55.78,1015
55.90,1027
56.00,1026
56.11,1033
56.21,1022
56.32,1050
56.42,988
56.52,1053
56.63,1026
56.73,1027
56.84,1030
56.94,1027
57.04,1024
57.15,1040
57.25,1031
57.36,1020
57.46,1023
57.56,1024
57.67,1031
57.77,1027
57.88,1029
57.98,1043
58.08,1031
58.19,1018
58.31,1028
58.42,1040
58.52,1020
58.62,1029
58.73,1028
58.83,1024
58.94,1031
59.04,1028
59.14,1037
59.25,1031
59.35,1036
59.46,1037
59.56,1132
59.66,979
59.77,983
59.87,1130
59.98,1024
60.08,864
60.18,926
60.29,1144
60.39,1011
60.50,944
60.60,967
60.70,1319
60.83,718
60.93,917
61.04,1073
61.14,1093
61.24,1134
61.35,1082
61.45,973
61.56,1024
61.66,1044
61.76,1014
61.87,1027
61.97,1198
62.08,1010
62.18,1076
62.28,1071
62.39,1032
62.49,1032
62.60,1036
62.70,1023
62.80,1034
62.91,1009
63.01,1014
63.12,1036
63.22,1035
63.35,1015
63.45,1041
63.55,1032
63.66,1063
63.76,1040
63.86,1024
63.97,1020
64.07,1050
64.18,1022
64.28,1009
64.38,1130
64.49,975
64.59,1029
64.70,1036
64.80,1002
64.90,1033
65.01,1012
65.11,1094
65.22,1042
65.32,1011
65.42,1045
65.53,1027
65.63,1034
65.76,1041
65.86,1040
65.96,985
66.07,1040
66.17,1031
66.28,1027
66.38,1027
66.48,1050
66.59,1030
66.69,1018
66.80,1027
66.90,945
67.00,1020
67.11,1044
67.21,1009
67.32,1115
67.42,1057
67.52,1040
67.63,1013
67.73,1064
67.84,917
67.94,966
68.04,999
68.15,978
68.27,824
68.38,1094
68.48,2264
68.58,1161
68.69,1193
68.79,1279
68.90,2056
69.00,972
69.10,927
69.21,1066
69.31,987
69.42,1069
69.52,1078
69.62,1025
69.73,1085
69.83,1020
69.94,1037
70.04,1101
70.14,998
70.25,1069
70.35,1035
70.46,1015
70.56,1042
70.67,1061
70.78,977
70.89,1034
70.99,1031
71.10,2917
71.20,1026
71.39,1239
71.49,1122
71.68,895
71.78,910
71.97,1048
72.08,1008
72.26,878
72.36,878
72.55,1389
72.65,968
72.84,1054
72.94,1023
73.13,1010
73.24,1002
73.42,1080
73.53,1026
73.72,1037
73.82,1031
74.03,1030
74.24,1026
74.34,1063
74.53,1024
74.63,1029
74.87,965
74.97,1735
75.16,1088
75.26,1128
75.45,1000
75.56,1158
75.74,993
75.85,1142
76.04,1390
76.14,1071
76.33,1131
76.43,924
76.62,954
76.72,1406
76.91,784
77.02,1074
77.20,781
77.31,1618
77.50,809
77.62,1066
77.72,854
77.91,1683
78.02,448
78.20,1060
78.31,1905
78.56,1119
78.74,695
78.85,1116
79.04,1283
79.14,914
79.33,1011
79.43,1026
79.62,1033
79.72,1006
79.91,1039
80.02,1006
80.20,999
80.31,971
80.50,984
80.60,1023
80.79,1008
80.89,1009
81.08,1066
81.20,1005
81.31,969
81.50,1105
81.60,1075
81.79,1004
81.89,1120
82.08,1089
82.18,673
82.37,1170
82.48,1023
82.66,1090
82.77,856
82.96,1213
83.06,946
83.25,1241
83.35,1203
83.54,854
83.64,1056
83.83,1062
83.94,597
84.12,1025
84.23,995
84.42,1020
84.52,1010
84.94,1017
85.04,1073
85.30,1473
85.49,1182
85.59,1084
85.78,884
85.88,1060
86.07,769
86.18,919
86.40,661
86.50,655
86.69,834
86.80,1163
86.98,1697
87.09,847
87.28,1001
87.38,1030
87.57,1724
87.67,1219
87.91,1248
88.01,2480
88.20,1267
88.30,628
88.56,923
88.77,615
88.99,912
89.09,1085
89.28,931
89.38,1261
89.57,927
89.68,1089
89.86,1079
89.97,953
90.16,1322
90.26,1060
90.45,1233
90.55,1143
90.74,1040
90.84,1036
91.03,1031
91.14,1010
91.32,1018
91.43,1049
91.62,1031
91.72,1044
91.91,1029
92.01,1027
92.20,1021
92.32,1077
92.43,1049
92.62,1084
92.72,1035
92.91,1070
93.01,1024
93.20,1038
93.30,1008
93.55,1058
93.74,1031
93.84,1118
94.03,1068
94.14,1053
94.32,992
94.43,1025
94.62,1041
94.72,1019
94.91,1045
95.01,1029
95.20,1010
95.30,1051
95.49,998
95.60,1035
95.80,1057
95.99,1036
96.10,1042
96.28,1023
96.39,1007
96.58,999
96.68,993
96.87,1005
96.97,1070
97.16,1031
97.26,1048
97.45,1031
97.56,1012
97.74,1014
97.85,1024
98.04,1016
98.14,1032
98.33,1015
98.43,1019
98.62,1007
98.72,1015
98.91,1032
99.02,1031
99.20,1021
99.33,1032
99.43,1024
99.62,1045
99.72,1036
99.91,1039
100.02,1040
100.20,1018
100.31,996
100.50,1041
100.60,1050
100.79,1022
100.89,1044
101.08,1036
101.18,1037
101.40,1018
101.50,1025
101.69,1033
101.79,1004
101.98,1021
102.08,1040
102.27,1028
102.38,1033
102.58,1027
102.77,1038
102.88,1058
103.06,961
103.17,2241
103.36,1221
103.46,1014
103.65,1242
103.75,1019
103.94,775
104.04,993
104.23,1064
104.34,1032
104.52,1007
104.63,1082
104.82,1075
104.92,1469
105.11,981
105.21,1066
105.40,1043
105.50,999
105.71,1026
105.90,1035
106.00,981
106.19,1037
106.30,1056
106.48,1068
106.59,1025
106.78,1013
106.88,1024
107.07,1044
107.17,1035
107.36,1030
107.46,1026
107.65,1032
107.76,1029
107.94,1036
108.05,1028
108.30,1029
108.49,1035
108.60,1039
108.78,1040
108.89,1046
109.16,1023
109.35,1023
109.46,1028
109.64,1035
109.75,1031
109.94,1028
110.04,1029
110.23,1026
110.33,1019
110.52,1029
110.62,1018
110.81,1032
110.92,1094
111.10,969
111.21,1050
111.40,1045
111.50,1019
111.69,1029
111.79,1027
111.98,1035
112.08,1016
112.29,1036
112.48,1035
112.58,1040
112.77,1057
112.88,1040
113.06,1135
113.17,1062
113.36,999
113.46,2711
113.65,1020
113.75,1014
113.94,1023
114.04,1013
114.23,971
114.34,1037
114.52,1034
114.63,1036
114.82,1041
114.92,1031
115.11,981
115.21,1019
115.40,943
115.52,1161
115.63,1145
115.82,1093
115.92,1086
116.11,750
116.21,1862
116.40,1975
116.50,1099
116.69,1086
116.80,1165
116.98,1116
117.09,979
117.28,1053
117.38,1089
117.57,1012
117.67,1059
117.86,1474
117.96,989
118.15,1227
118.26,680
118.44,1000
118.55,1296
118.76,1191
118.94,1021
119.04,1048
119.23,1074
119.34,942
119.52,998
119.63,859
119.82,799
119.92,926
120.11,1099
120.21,1172
120.40,1119
120.50,1076
120.74,851
120.84,1141
121.03,1084
121.13,1212
121.37,833
121.47,1106
121.66,702
121.76,1653
121.95,1009
122.08,1042
122.18,918
122.37,1177
122.47,944
122.66,1306
122.76,1165
122.95,989
123.06,1249
123.24,1296
123.35,986
123.54,1172
123.64,979
123.83,1019
123.93,1188
124.12,1346
124.22,1274
124.41,881
124.52,1067
124.70,1084
124.81,1336
125.02,1440
125.14,428
125.24,1497
125.43,2094
125.54,1187
125.72,1138
125.83,1353
126.02,925
126.12,1221
126.31,921
126.41,860
126.60,1783
126.71,943
126.89,1179
127.00,944
127.18,1202
127.29,1283
127.48,1558
127.58,558
127.77,1181
127.87,804
128.06,1054
128.16,1265
128.37,987
128.56,1275
128.66,1501
128.85,817
128.96,543
129.14,1336
129.25,365
129.44,937
129.54,986
129.73,1186
129.83,1206
130.02,997
130.12,735
130.31,1582
130.42,2165
130.60,1209
130.71,928
130.90,1110
131.00,1172
131.19,1553
131.29,510
131.48,1313
131.58,1404
131.87,1023
132.06,959
132.16,1148
132.35,1523
132.45,711
132.64,1143
132.74,536
132.93,1137
133.04,1041
133.22,1007
133.33,1422
133.58,1028
133.76,1287
133.87,1332
134.06,915
134.16,893
134.35,942
134.45,1085
134.64,1169
134.74,743
134.93,915
135.04,1075
135.31,1325
135.50,1077
135.60,945
135.79,964
135.90,1057
136.08,919
136.19,726
136.38,1075
136.48,891
136.67,910
136.77,1048
136.96,1051
137.06,1016
137.25,1032
137.36,1073
137.54,1147
137.65,1146
137.84,778
137.94,970
138.13,833
138.23,1191
138.42,1055
138.65,1023
138.75,1079
138.94,1075
139.04,1031
139.23,1043
139.34,1035
139.52,1042
139.63,1003
139.82,1032
139.92,1032
140.11,1044
140.21,1033
140.40,1067
140.50,1026
140.69,1031
140.80,1026
140.98,1032
141.09,1017
141.28,1023
141.38,1027
141.57,1041
141.69,1033
141.80,1031
141.98,1041
142.09,1023
142.28,1042
142.38,1040
142.57,1035
142.67,1047
142.86,1054
142.96,1038
143.15,1065
143.26,1009
143.44,993
143.55,937
143.74,1046
143.84,1144
144.03,1002
144.13,1086
144.32,1835
144.42,1207
144.61,1073
144.72,1057
144.92,1054
145.02,1049
145.21,1029
145.32,1042
145.50,1042
145.61,1034
145.80,948
145.90,899
146.09,1306
146.19,858
146.38,983
146.48,995
146.67,1080
146.78,943
146.96,1129
147.07,1007
147.26,1083
147.36,1075
147.55,982
147.65,1003
147.86,1216
147.98,1051
148.09,884
148.28,1724
148.38,1014
148.57,1058
148.67,868
148.92,885
149.11,1167
149.21,1423
149.40,836
149.50,860
149.69,1774
149.80,1541
149.98,871
150.09,1084
150.28,1142
150.38,1064
150.57,1117
150.67,1428
150.86,1194
150.96,1017
151.15,1190
151.28,1158
151.38,1160
151.57,1405
151.67,1400
151.92,1031
152.02,992
152.21,1505
152.31,1184
152.50,1079
152.60,937
152.79,1048
152.90,1007
153.08,941
153.19,1148
153.38,950
153.48,1019
153.67,1018
153.77,1113
153.96,968
154.06,928
154.25,1105
154.36,932
154.56,1607
154.75,1202
154.86,961
155.04,1068
155.15,1131
155.36,1100
155.46,975
155.65,1159
155.76,1107
155.93,1006
156.03,1609
156.22,1077
156.32,1159
156.51,1139
156.62,1151
156.80,1613
156.91,1364
157.10,780
157.20,2116
157.39,325
157.49,1112
157.68,929
157.80,1165
157.91,1876
158.10,751
158.20,575
158.39,240
158.49,2653
158.68,1250
158.78,954
158.97,1153
159.08,1026
159.26,934
159.37,839
159.56,1610
159.66,389
159.85,855
159.95,1325
160.15,1015
160.25,1024
160.44,1504
160.54,1418
160.73,818
160.84,1638
161.04,564
161.23,1050
161.34,955
161.52,1293
161.63,1124
161.88,529
162.07,1135
162.17,1173
162.36,1673
162.46,1299
162.65,1023
162.76,1012
162.94,1079
163.05,1092
163.24,1036
163.34,1075
163.53,1060
163.63,1012
163.84,1045
163.94,1018
164.13,1040
164.23,1024
164.44,1048
164.61,1012
164.71,1044
164.90,1049
165.00,1085
165.19,1038
165.30,949
165.48,2885
165.59,1281
165.78,1142
165.88,962
166.07,1717
166.17,1138
166.36,1179
166.46,885
166.65,910
166.76,2207
166.94,1065
167.05,1205
167.24,1042
167.34,1028
167.55,1042
167.74,1027
167.84,1065
168.01,1047
168.12,1037
168.30,1032
168.41,1041
168.60,1033
168.70,1044
168.89,1043
168.99,1044
169.18,1037
169.28,1032
169.47,1031
169.58,1033
169.76,1046
169.87,1036
170.07,1037
170.18,1045
170.36,1033
170.47,1048
170.66,1037
170.78,1045
170.88,1042
171.07,1045
171.18,1047
171.36,1039
171.47,1023
171.66,1047
171.76,1045
171.95,1025
172.05,1039
172.24,1069
172.34,1012
172.53,1005
172.64,1028
172.80,1033
172.90,1043
173.09,1039
173.20,996
173.38,1095
173.49,1006
173.68,1000
173.80,992
173.90,979
174.09,895
174.20,1097
174.38,1033
174.49,1046
174.68,1048
174.78,1022
174.97,1039
175.07,1029
175.26,1031
175.36,1037
175.55,1034
175.66,1041
175.84,1059
175.95,1026
176.14,1004
176.24,1009
176.43,1023
176.53,1008
176.72,1096
176.82,1025
177.04,1027
177.23,953
177.34,1407
177.52,1143
177.63,1208
177.81,1130
177.92,755
178.10,1271
178.21,610
178.40,1351
178.50,1142
178.69,1041
178.79,1020
178.98,1177
179.08,967
179.27,846
179.38,912
179.56,871
179.67,1041
179.86,1461
179.96,838
180.15,1102
180.27,1012
180.38,1029
180.56,1219
180.67,1007
180.86,1038
180.96,914
181.15,850
181.25,1058
181.44,1470
181.54,855
181.73,884
181.84,1012
182.07,1003
182.18,1077
182.36,941
182.47,1027
182.66,801
182.76,642
182.95,988
183.05,1429
183.24,1243
183.34,1096
183.55,1003
183.74,1126
183.84,1062
184.03,982
184.14,984
184.32,751
184.43,1302
184.62,607
184.72,1244
184.91,958
185.01,1028
185.20,1149
185.30,1276
185.49,1024
185.60,1044
185.78,1379
185.89,1042
186.08,1269
186.18,598
186.37,970
186.47,1031
186.68,972
186.80,1096
186.90,1204
187.09,1099
187.19,817
187.38,1654
187.48,1220
187.67,1103
187.78,1142
187.96,996
188.07,1004
188.26,1326
188.36,1040
188.55,1550
188.65,896
188.84,1507
188.94,959
189.13,644
189.24,1206
189.42,1021
189.53,1067
189.72,1064
189.95,1216
190.06,1053
190.24,843
190.35,1363
190.54,1133
190.64,725
190.83,1091
190.93,1026
191.12,1043
191.22,1107
191.41,1099
191.52,853
191.70,725
191.81,1020
192.00,928
192.10,1068
192.29,1434
192.39,957
192.58,1083
192.68,1027
192.87,1042
192.98,1035
193.18,1046
193.37,1033
193.48,1045
193.66,1038
193.77,1045
193.96,1041
194.06,1031
194.25,1041
194.35,1032
194.54,1034
194.64,1022
194.83,1037
194.94,1043
195.12,1045
195.23,1046
195.48,1059
195.67,1035
195.77,1021
195.96,1036
196.06,1025
196.25,1173
196.36,1105
196.56,967
196.66,1483
196.85,939
196.96,873
197.14,751
197.25,1259
197.44,1020
197.54,1021
197.73,1031
197.83,1118
198.07,995
198.17,971
198.36,1138
198.46,1049
198.65,1611
198.76,1089
198.94,1009
199.05,966
199.24,1253
199.34,1063
199.53,1078
199.65,616
199.76,659
200.00,726
200.19,894
200.30,942
200.48,1109
200.59,1320
200.78,1016
200.88,948
201.07,1226
201.17,1293
201.36,187
201.46,1264
201.65,1068
201.76,1060
201.94,1467
202.05,1618
202.24,716
202.34,1080
202.53,1092
202.63,1908
202.82,1477
202.94,1003
203.05,986
203.24,1036
203.34,1233
203.53,890
203.63,821
203.82,1617
203.92,1196
204.11,825
204.22,1408
204.40,1001
204.51,980
204.70,1359
204.80,967
204.99,1173
205.09,894
205.28,1623
205.38,1228
205.57,1242
205.68,1052
205.86,1021
205.97,893
206.18,1195
206.36,1236
206.47,843
206.66,1424
206.76,1099
206.95,2051
207.05,972
207.24,1001
207.34,1091
207.53,1028
207.64,1400
207.82,633
207.93,1592
208.12,2377
208.22,1029
208.44,965
208.54,1004
208.73,1273
208.84,906
209.02,1123
209.13,766
209.32,1455
209.44,1115
209.54,814
209.73,1023
209.84,1019
210.03,996
210.13,1347
210.32,1103
210.42,990
210.61,780
210.71,889
210.90,1909
211.00,960
211.19,1031
211.30,1044
211.47,1009
211.58,1037
211.76,1111
211.87,1124
212.06,915
212.16,698
212.35,906
212.45,1296
212.66,1143
212.88,1028
212.98,1065
213.17,1068
213.28,1042
213.46,1065
213.57,1064
213.76,985
213.86,1016
214.05,1117
214.15,1031
214.34,933
214.44,999
214.63,1027
214.74,884
214.92,1691
215.03,799
215.22,1042
215.32,996
215.51,1029
215.61,1037
215.80,1148
215.92,1205
216.03,1270
216.22,1036
216.32,1334
216.51,793
216.61,1675
216.85,1015
216.96,1113
217.14,1043
217.25,965
217.44,1080
217.54,1167
217.73,1062
217.83,1026
218.02,1508
218.12,1651
218.31,1226
218.42,997
218.60,1036
218.71,1037
218.90,1279
219.00,1076
219.21,1150
219.40,1415
219.50,1223
219.69,1574
219.79,859
219.98,948
220.08,1000
220.27,1054
220.38,1126
220.56,1219
220.67,1133
220.86,867
220.96,1299
221.15,773
221.25,1776
221.44,1117
221.54,885
221.80,1090
221.99,983
222.10,1392
222.28,1038
222.39,1316
222.60,1005
222.78,920
222.89,1616
223.08,1307
223.18,1089
223.37,1138
223.47,1055
223.66,1034
223.76,1043
223.95,1046
224.06,1059
224.24,1054
224.35,1049
224.54,1053
224.64,1071
224.84,1052
224.94,1032
225.13,1062
225.24,1099
225.41,1025
225.51,1036
225.72,1070
225.91,1072
226.01,1084
226.20,1021
226.30,1037
226.49,1092
226.59,1028
226.78,846
226.88,895
227.07,919
227.18,1012
227.36,1112
227.47,783
227.66,1243
227.76,965
227.95,1152
228.05,973
228.28,1097
228.39,1071
228.58,1036
228.68,1051
228.87,1028
228.99,1016
229.10,1100
229.28,969
229.39,980
229.58,1204
229.68,1066
229.87,1200
229.97,1136
230.14,1142
230.24,1131
230.43,1027
230.53,1053
230.72,1060
230.82,1204
231.01,985
231.12,1011
231.30,929
231.41,1228
231.60,1069
231.70,1035
231.89,1043
232.00,1048
232.20,1067
232.30,1039
232.49,1030
232.59,1037
232.78,1053
232.88,1068
233.07,1075
233.18,1043
233.36,931
233.47,847
233.66,962
233.76,1089
233.95,970
234.05,1006
234.24,1180
234.34,1091
234.53,1083
234.64,1077
234.82,1120
234.93,1046
235.12,1024
235.24,1045
235.34,1059
235.53,1044
235.64,1050
235.82,1048
235.93,1040
236.12,1054
236.22,1046
236.41,1037
236.51,1035
236.70,1049
236.80,1044
237.02,1046
237.13,1045
237.32,1039
237.42,1053
237.61,1041
237.71,1055
237.90,1037
238.00,1041
238.19,1040
238.30,1056
238.54,1047
238.65,1054
238.84,1041
238.94,1050
239.18,1039
239.29,1047
239.48,1051
239.58,1031
239.77,1048
239.87,1041
240.06,1061
240.16,1046
240.35,1046
240.46,1036
240.64,1043
240.75,1045
240.94,1045
241.04,1049
241.23,1057
241.33,1048
241.52,1045
241.75,1048
241.85,1045
242.04,1043
242.14,1043
242.33,1047
242.44,1043
242.62,1040
242.73,1047
242.92,1036
243.02,1042
243.21,1045
243.31,1038
243.50,1040
243.61,1039
243.80,1046
243.90,1045
244.09,1052
244.19,1057
244.38,1031
244.48,1091
244.67,1094
244.80,964
244.90,864
245.09,2013
245.19,740
245.38,1030
245.48,1072
245.67,1070
245.78,1029
245.96,1048
246.07,1032
246.26,1050
246.36,1032
246.55,1283
246.65,1114
246.84,997
246.94,1030
247.13,1037
247.24,1224
247.42,1089
247.53,1122
247.72,1020
247.82,1067
248.03,1029
248.22,1043
248.32,1048
248.51,1036
248.61,1048
248.80,1047
248.90,1046
249.09,1032
249.20,1034
249.38,1043
249.49,1038
249.68,1034
249.78,1051
249.97,1044
250.07,1060
250.26,1027
250.36,1045
250.55,1049
250.66,1062
250.84,1096
250.95,1008
251.16,1212
251.34,1227
251.45,1173
251.64,932
251.74,779
251.93,1184
252.03,1120
252.22,1000
252.32,1074
252.51,1051
252.62,1076
252.80,1037
252.91,1048
253.10,1032
253.20,1048
253.39,1052
253.49,1066
253.66,1047
253.76,1056
253.95,1044
254.05,1028
254.24,1073
254.36,1038
254.47,1044
254.66,1054
254.76,1053
254.98,1048
255.09,1041
255.28,1039
255.38,1044
255.57,1049
255.67,1060
255.86,1027
255.96,1104
256.15,1181
256.26,1206
256.44,1012
256.55,738
256.74,1131
256.84,1067
257.03,1092
257.13,1158
257.32,876
257.44,840
257.55,930
257.74,1428
257.84,1146
258.02,1078
258.12,1054
258.31,1026
258.42,1090
258.60,1059
258.71,1025
258.90,1113
259.00,1071
259.19,1117
259.29,1063
259.48,1046
259.58,1051
259.77,1040
259.88,1019
260.06,1072
260.16,1045
260.35,1032
260.46,1014
260.66,1050
260.85,1031
260.96,1052
261.14,1031
261.25,1039
261.44,1051
261.54,1052
261.73,1053
261.83,1042
262.02,1046
262.12,1047
262.31,1048
262.42,1039
262.60,1041
262.71,1039
262.90,1042
263.00,1050
263.19,1040
263.29,1046
263.48,1036
263.58,1039
263.79,1056
263.98,1058
264.08,1016
264.27,1067
264.38,1044
264.56,1049
264.67,1056
264.86,1183
264.96,1062
265.15,1058
265.25,1049
265.44,1066
265.54,1047
265.73,1082
265.84,1062
266.02,1056
266.13,1039
266.32,1045
266.43,1039
266.62,1047
266.72,1048
266.93,1032
267.14,1052
267.24,1041
267.43,1044
267.54,1051
267.73,1054
267.83,1014
268.02,1061
268.12,1038
268.36,1043
268.47,1048
268.66,1035
268.76,1037
268.95,1057
269.05,1040
269.24,1043
269.34,1039
269.53,1043
269.64,1041
269.82,1055
269.93,1040
270.12,1048
270.24,1046
270.34,1045
270.53,1042
270.64,1045
270.82,1046
270.93,1032
271.12,1045
271.22,1040
271.41,1118
271.51,1133
271.70,1042
271.80,1174
271.99,855
272.10,917
272.28,1302
272.39,1092
272.58,943
272.68,1952
272.87,999
272.97,1227
273.16,996
273.28,1939
273.39,982
273.58,776
273.68,1172
273.87,625
273.97,1603
274.16,1180
274.26,1011
274.45,1161
274.56,1453
274.74,854
274.85,613
275.04,1455
275.14,1353
275.36,1417
275.46,1079
275.65,946
275.76,1075
275.94,1063
276.05,811
276.24,845
276.34,784
276.54,1569
276.65,836
276.75,1058
276.94,995
277.04,1051
277.23,1108
277.34,922
277.52,1487
277.63,699
277.87,909
277.97,1067
278.16,946
278.26,1174
278.45,1087
278.56,948
278.74,1153
278.85,1060
279.03,1020
279.13,896
279.32,1129
279.42,1337
279.61,1044
279.72,1066
279.92,1179
280.02,1120
280.21,955
280.32,1081
280.50,957
280.61,1075
280.80,1045
280.90,1081
281.09,1154
281.19,961
281.38,1027
281.48,1000
281.67,1044
281.78,1012
281.96,1011
282.07,1054
282.26,1046
282.36,1060
282.55,1044
282.65,1059
282.84,1082
282.96,1046
283.07,1031
283.26,1033
283.36,1020
283.55,1038
283.65,1111
283.84,1069
283.94,1045
284.13,1034
284.24,1042
284.42,1035
284.53,1056
284.72,1044
284.82,1048
285.01,1047
285.11,1039
285.30,1042
285.40,1050
285.59,1029
285.70,1047
285.88,1050
286.01,1032
286.11,1041
286.30,1053
286.40,1038
286.59,1040
286.70,1033
286.88,1040
286.99,1048
287.21,1048
287.31,1047
287.50,1051
287.60,1037
287.82,1037
287.92,1039
288.11,1040
288.22,1037
288.40,1051
288.51,1044
288.70,1041
288.80,1059
288.99,1051
289.09,1040
289.30,1033
289.49,1052
289.59,1045
289.78,1056
289.88,1043
290.07,1046
290.18,1039
290.36,1043
290.47,1028
290.66,1041
290.76,1058
290.95,1047
291.05,1041
291.24,1037
291.34,1033
291.53,1065
291.64,1047
291.82,1052
291.93,1041
292.12,1032
292.22,1030
292.64,1033
292.74,1066
292.84,1042
292.95,1086
293.05,1022
293.16,1016
293.26,1035
293.36,1218
293.47,1028
293.57,985
293.68,1218
293.78,1007
293.88,1040
293.99,1193
294.09,977
294.20,993
294.30,1014
294.49,1091
294.59,984
294.78,1254
294.88,1008
295.07,1033
295.20,1039
295.30,1053
295.49,1044
295.59,1057
295.80,1050
295.90,1052
296.09,1040
296.19,1040
296.38,1028
296.48,1008
296.67,1050
296.78,1042
296.96,1055
297.07,1052
297.26,1045
297.36,1044
297.55,1046
297.65,1048
297.84,1051
297.94,1049
298.13,1053
298.26,1052
298.36,1044
298.55,1074
298.65,1044
298.83,1040
298.94,1057
299.12,1030
299.23,1039
299.42,1049
299.52,1045
299.71,1041
299.81,1057
300.00,999
300.10,1098
300.29,1059
300.40,1048
300.59,1043
300.69,1036
300.88,1050
300.98,1049
301.17,1064
301.28,1071
301.48,1145
301.58,1175
301.77,922
301.87,1092
302.06,977
302.16,1052
302.35,1108
302.46,977
302.65,1091
302.75,1100
302.94,1020
303.04,1019
303.23,1124
303.33,1072
303.52,1033
303.62,1076
303.81,1050
303.92,1041
304.10,1110
304.21,1054
304.40,1059
304.52,1180
304.62,1105
304.81,1078
304.92,1078
305.10,1035
305.21,1038
305.40,1013
305.50,1028
305.69,1155
305.79,1049
305.98,1147
306.08,1019
306.27,1140
306.38,1239
306.56,932
306.67,2276
306.86,1018
306.96,1296
307.15,995
307.25,1053
307.44,1071
307.54,1080
307.75,990
307.93,1605
308.03,974
308.22,906
308.32,1054
308.51,968
308.62,1405
308.80,1125
308.91,1043
309.10,1091
309.20,1042
309.39,1135
309.49,1474
309.68,988
309.78,1332
309.97,1369
310.08,1225
310.26,738
310.37,950
310.56,920
310.66,659
310.85,932
310.97,1564
311.08,1278
311.26,1025
311.37,928
311.56,974
311.66,1010
311.85,1094
311.95,845
312.14,1547
312.24,877
312.43,992
312.54,1017
312.72,1068
312.83,1177
313.02,990
313.12,1055
313.31,1012
313.41,1688
313.60,945
313.70,972
313.89,969
314.00,1029
314.20,1217
314.39,991
314.50,1046
314.68,1050
314.79,994
314.98,977
315.08,1094
315.27,996
315.37,1120
315.56,1011
315.66,1036
315.85,1007
315.96,814
316.14,1382
316.25,2073
316.44,1094
316.54,992
316.73,1146
316.83,980
317.02,985
317.12,1043
317.31,1281
317.44,1060
317.54,1069
317.73,908
317.83,1058
318.02,933
318.12,1167
318.31,1139
318.42,1216
318.60,1101
318.71,1029
318.90,1056
319.00,1074
319.19,910
319.29,978
319.48,995
319.58,742
319.77,581
319.88,1117
320.06,1040
320.17,849
320.36,981
320.46,1060
320.67,1181
320.86,1241
320.96,1125
321.15,1034
321.25,1011
321.44,947
321.54,995
321.73,908
321.84,1067
322.10,1134
322.29,1071
322.39,1048
322.58,1075
322.68,1021
322.87,1040
322.98,1158
323.16,1327
323.27,945
323.46,1077
323.56,1093
323.75,1112
323.85,1691
324.06,1219
324.25,1099
324.35,1032
324.54,1070
324.64,1095
324.83,1093
324.94,1132
325.12,1020
325.23,889
325.44,1056
325.55,1004
325.74,980
325.84,1604
326.03,1121
326.13,1031
326.32,1022
326.42,1023
326.61,981
326.72,1009
326.90,1138
327.01,992
327.22,948
327.40,1171
327.51,921
327.70,1081
327.80,1384
327.99,1036
328.09,1067
328.28,1047
328.38,1081
328.58,1063
328.69,1088
328.88,1057
328.98,1045
329.17,1285
329.27,1010
329.46,1090
329.56,1038
329.75,1089
329.86,996
330.04,1049
330.15,1011
330.34,1091
330.46,1043
330.56,1026
330.75,1027
330.86,1069
331.04,1057
331.15,1094
331.34,887
331.44,746
331.63,1373
331.73,838
331.92,1189
332.02,1277
332.21,959
332.32,1016
332.50,988
332.61,1051
332.80,1239
332.90,922
333.09,1027
333.19,918
333.38,1136
333.48,824
333.69,937
333.88,1177
333.98,1036
334.17,1044
334.28,1072
334.46,1077
334.57,1136
334.76,1001
334.86,1003
335.07,1169
335.17,1376
335.36,1019
335.46,1075
335.65,1013
335.76,843
335.94,817
336.05,965
336.31,1033
336.50,1028
336.60,1039
336.79,1042
336.90,1053
337.10,1041
337.20,1047
337.39,1042
337.50,1047
337.68,1045
337.79,1035
337.98,1051
338.08,1043
338.27,1052
338.37,1040
338.56,1063
338.66,1048
338.85,1039
338.96,1030
339.15,1031
339.25,1017
339.44,1120
339.54,1230
339.73,768
339.83,1538
340.02,1421
340.14,987
340.25,1043
340.44,1045
340.54,1043
340.73,1055
340.83,1036
341.02,1035
341.12,1041
341.31,1040
341.42,1050
341.60,1043
341.71,1083
341.90,1090
342.00,1089
342.19,1008
342.29,1002
342.48,1028
342.58,1038
342.77,1045
342.88,1054
343.06,1046
343.29,1033
343.40,1022
343.58,1053
343.69,1027
343.88,1053
343.98,1056
344.17,1019
344.27,1028
344.46,1026
344.56,1003
344.75,1079
344.86,968
345.06,1217
345.17,1088
345.36,1889
345.46,1038
345.65,1006
345.75,661
345.94,1563
346.04,1436
346.27,812
346.37,1064
346.58,1499
346.77,579
346.87,985
347.08,1077
347.19,426
347.38,1151
347.48,977
347.67,1032
347.77,843
347.96,1232
348.06,966
348.25,1000
348.36,1318
348.54,702
348.65,1648
348.84,1001
348.94,1193
349.13,988
349.23,952
349.42,1397
349.52,953
349.71,1017
349.84,579
349.94,1457
350.13,694
350.23,853
350.42,1001
350.52,845
350.69,1077
350.80,1155
350.98,1077
351.09,841
351.28,968
351.38,1011
351.57,1552
351.67,1295
351.86,963
351.96,440
352.15,1079
352.26,1081
352.44,1506
352.55,799
352.74,1253
352.84,2124
353.05,912
353.24,970
353.34,1114
353.53,1049
353.63,1044
353.82,1048
353.92,1133
354.11,987
354.22,1384
354.40,844
354.51,1292
354.70,2891
354.80,1100
354.99,1091
355.09,1172
355.28,1336
355.38,1322
355.57,971
355.68,1191
355.86,741
355.97,968
356.16,2167
356.28,1346
356.39,1590
356.58,1057
356.68,1001
356.87,1062
356.97,1068
357.16,944
357.26,1001
357.45,1158
357.56,953
357.74,1366
357.85,1834
358.04,1303
358.14,794
358.33,1361
358.43,1018
358.62,945
358.72,940
358.91,890
359.02,1134
359.20,1028
359.31,1055
359.52,1047
359.75,1041
359.85,949
360.04,1124
360.14,1245
360.36,821
360.46,1126
360.65,866
360.76,1072
360.94,993
361.05,1050
361.24,1093
361.34,1049
361.52,1027
361.62,1019
361.81,1031
361.92,1027
362.10,1015
362.21,1031
362.40,1038
362.50,1023
362.69,1013
362.81,1027
362.92,1030
363.10,1016
363.21,1031
363.40,1023
363.50,1016
363.69,1032
363.79,1017
363.98,1037
364.08,1020
364.27,1027
364.38,1029
364.56,1046
364.67,1022
364.86,1039
364.96,1012
365.15,1026
365.25,1018
365.44,1031
365.54,1022
365.74,1012
365.87,1024
365.97,1025
366.16,1030
366.26,1016
366.45,1027
366.56,1017
366.74,1027
366.85,1024
367.04,1024
367.14,1027
367.33,1032
367.43,1027
367.62,1029
367.72,1018
367.91,1030
368.02,1027
368.20,1020
368.31,1027
368.50,1021
368.60,1023
368.79,1010
368.91,1022
369.02,1023
369.19,1027
369.29,1024
369.48,1024
369.58,1025
369.77,1037
369.88,1019
370.06,1020
370.17,1017
370.36,1044
370.46,1006
370.65,1058
370.75,1057
370.94,1086
371.04,1004
371.23,1029
371.34,1033
371.52,1007
371.63,1029
371.82,1025
371.92,1025
372.13,1021
372.32,1039
372.42,1024
372.61,998
372.71,1025
372.90,1010
373.00,1033
373.19,978
373.30,1117
373.48,1272
373.59,894
373.78,926
373.88,1053
374.07,1110
374.17,842
374.36,1112
374.46,1000
374.65,1023
374.76,1017
374.94,1025
375.05,1029
375.26,1024
375.44,1015
375.55,1023
375.74,1018
375.84,1026
376.03,1015
376.13,1021
376.32,1020
376.42,1017
376.61,1021
376.72,1021
376.90,1027
377.01,1015
377.20,1013
377.30,1024
377.49,1012
377.59,1015
377.78,1032
377.88,1032
378.07,1011
378.18,1017
378.36,1029
378.49,1010
378.59,1018
378.78,1016
378.88,1018
379.07,1020
379.18,1013
379.36,1024
379.47,1015
379.66,1021
379.76,1012
379.95,1023
380.05,1026
380.24,1007
380.34,1015
380.53,1018
380.64,1026
380.82,1016
380.93,1024
381.12,1023
381.22,1024
381.41,1024
381.53,1016
381.64,1030
381.82,1012
381.93,1024
382.12,1021
382.22,1026
382.41,1015
382.51,1015
382.70,1015
382.80,1010
382.99,1014
383.10,1017
383.28,1062
383.39,979
383.58,999
383.68,1062
383.87,1067
383.97,990
384.16,1008
384.26,1027
384.46,1012
384.57,1028
384.78,1016
384.96,982
385.07,1017
385.30,1028
385.40,1041
385.59,1026
385.70,1027
385.93,1031
386.04,1013
386.22,1021
386.33,1021
386.52,1015
386.62,1018
386.81,1031
386.91,1026
387.10,1039
387.20,991
387.39,1008
387.50,1024
387.68,1030
387.79,1017
388.00,1022
388.18,1029
388.29,1017
388.48,1017
388.58,1026
388.77,1006
388.87,1026
389.06,1008
389.16,1016
389.35,1019
389.46,1013
389.64,1002
389.75,1012
389.95,1012
390.05,1000
390.24,989
390.34,1078
390.53,1054
390.64,1010
390.82,1038
390.93,1057
391.12,1011
391.24,1026
391.34,1016
391.53,1023
391.63,1036
391.82,1046
391.93,1028
392.12,1030
392.22,1020
392.41,1032
392.51,1021
392.70,1016
392.80,1060
393.07,1021
393.26,1030
393.36,1029
393.55,1019
393.65,1012
393.84,1038
393.94,1023
394.13,1026
394.24,1021
394.65,1042
394.76,1036
394.94,1005
395.05,1052
395.24,1025
395.34,1026
395.53,1030
395.63,1032
395.82,1017
395.92,1022
396.11,1010
396.22,1033
396.40,1048
396.51,1009
396.70,1013
396.80,1118
396.99,972
397.09,1096
397.28,1013
397.38,1057
397.57,1017
397.70,1008
397.80,1013
397.99,1035
398.09,1031
398.28,1025
398.38,1026
398.57,1023
398.68,1023
398.86,1025
398.97,1028
399.20,1020
399.31,1022
399.50,1024
399.60,1038
399.79,1022
399.89,1019
400.08,1038
400.18,1032
400.37,1032
400.48,1020
400.66,1025
400.77,1029
400.98,1027
401.16,1026
401.27,1024
401.44,1041
401.55,1017
401.74,1031
401.84,1031
402.03,1035
402.13,1027
402.30,1026
402.40,1039
402.59,1023
402.70,1024
402.88,1019
402.99,1023
403.18,1045
403.28,999
403.47,1043
403.57,1032
403.76,1018
403.86,1025
404.07,1025
404.26,1036
404.36,1021
404.55,1015
404.66,1024
404.84,1024
404.95,1019
405.14,1026
405.24,1014
405.43,1022
405.53,1026
405.72,1028
405.82,1015
406.01,1019
406.12,1020
406.30,1064
406.41,990
406.64,1007
406.75,1011
406.94,994
407.04,1091
407.24,991
407.35,1053
407.45,977
407.64,1002
407.74,1006
407.93,1032
408.04,1017
408.22,1024
408.33,1025
408.52,1011
408.62,990
408.81,1061
408.91,1035
409.10,1044
409.20,1034
409.39,989
409.50,1018
409.68,1040
409.79,1033
409.98,1024
410.08,1014
410.27,1032
410.39,1025
410.50,1022
410.68,1034
410.79,1020
410.98,1015
411.08,1055
411.27,1007
411.37,978
411.56,1028
411.66,1015
411.88,1022
411.99,1027
412.18,1030
412.28,1025
412.47,1024
412.57,1026
412.76,1027
412.86,1025
413.05,1024
413.16,998
413.34,1052
413.45,1095
413.66,1036
413.84,1020
413.95,1041
414.14,1025
414.24,1038
414.43,1019
414.53,1033
414.72,1016
414.82,1035
415.01,1013
415.12,1001
415.30,1005
415.41,1080
415.60,1010
415.70,1022
415.89,1010
415.99,1032
416.18,1041
416.28,1008
416.47,1028
416.58,1032
416.78,1031
416.97,1013
417.08,1034
417.24,1030
417.35,1029
417.54,1028
417.64,1025
417.83,1036
417.93,1023
418.16,1024
418.27,1032
418.46,1029
418.56,1035
418.75,1019
418.85,1026
419.04,1027
419.14,1027
419.33,1023
419.44,1027
419.62,1024
419.73,1022
419.94,1051
420.12,1038
420.23,1016
420.42,1038
420.52,1015
420.71,1024
420.81,1028
421.00,1031
421.10,1023
421.29,1028
421.40,1025
421.58,1025
421.69,1029
421.88,1025
421.98,1024
422.17,1031
422.27,1003
422.46,1029
422.56,1045
422.75,1026
422.86,1024
423.04,1024
423.17,1027
423.27,1026
423.46,1024
423.56,1022
423.75,1025
423.86,1024
424.04,1104
424.15,1022
424.34,1012
424.44,1044
424.63,1010
424.73,1041
424.92,1023
425.02,1025
425.21,1020
425.32,1024
425.50,1018
425.61,1035
425.80,1023
425.90,1027
426.09,1030
426.21,1025
426.32,1027
426.50,1026
426.61,1030
426.80,1031
426.90,1026
427.09,1030
427.19,1023
427.38,1031
427.48,1023
427.72,1025
427.83,1028
428.02,996
428.12,1028
428.31,1027
428.41,1023
428.60,1047
428.70,1015
428.89,1007
429.00,1064
429.18,1014
429.31,993
429.41,1051
429.60,1089
429.70,977
429.89,1042
430.00,1021
430.18,1022
430.29,1028
430.48,1022
430.58,1014
430.77,1034
430.87,1030
431.06,1027
431.16,1032
431.35,1029
431.46,1014
431.64,1044
431.75,1025
431.94,1025
432.04,1005
432.23,1032
432.33,1022
432.54,1019
432.73,1022
432.83,1057
433.02,1026
433.12,1031
433.31,1032
433.42,1023
433.60,1029
433.71,1023
433.90,1037
434.00,1025
434.19,1024
434.29,1031
434.53,1034
434.64,1028
434.82,1032
434.93,1027
435.10,1022
435.20,1027
435.39,1022
435.50,1025
435.70,1018
435.89,1017
436.00,1037
436.18,1026
436.29,1028
436.48,1052
436.58,1029
436.77,1033
436.87,1020
437.06,1026
437.16,1024
437.35,1032
437.46,1027
437.64,1021
437.75,1028
437.94,1025
438.04,1034
438.23,1018
438.33,1024
438.52,1025
438.62,1031
438.81,1029
438.94,1024
439.04,1028
439.23,1028
439.33,1032
439.52,1025
439.62,1026
439.81,1024
439.92,1028
440.10,1016
440.21,1032
440.40,1036
440.50,1012
440.69,1032
440.79,1042
440.98,1043
441.08,1016
441.27,1028
441.38,1025
441.56,1020
441.67,998
441.86,1033
441.98,1071
442.08,1054
442.27,1023
442.38,1024
442.56,1012
442.67,1039
442.86,1043
442.96,1020
443.15,1031
443.25,1019
443.44,1021
443.54,1022
443.73,1013
443.84,995
444.02,1037
444.13,1018
444.32,1034
444.42,1032
444.61,1032
444.71,1027
444.90,1032
445.13,1018
445.23,1023
445.42,1017
445.52,1021
445.71,1038
445.82,1052
446.00,1016
446.11,1022
446.30,1032
446.40,1011
446.59,1026
446.69,1037
446.88,1041
446.98,1019
447.21,1017
447.31,1015
447.50,1022
447.60,1031
447.78,1029
447.88,1022
448.07,1028
448.17,1027
448.38,1019
448.57,1022
448.67,1025
448.86,1023
448.96,1036
449.15,1022
449.26,1028
449.44,1037
449.55,1019
449.74,1027
449.84,1022
450.03,1025
450.13,1032
450.32,1027
450.42,1018
450.59,1025
450.69,1028
450.88,1019
450.98,1027
451.17,1015
451.28,1021
451.55,1028
451.74,1027
451.84,1025
452.03,1031
452.14,1039
452.32,1024
452.43,1030
452.62,1033
452.72,1047
452.91,1012
453.01,1022
453.20,1035
453.30,1037
453.49,1034
453.60,1020
453.78,1020
453.89,1022
454.08,1035
454.18,1027
454.37,1029
454.47,1028
454.68,1040
454.87,1034
454.97,1015
455.16,1033
455.26,1029
455.45,1017
455.56,1024
455.74,1018
455.85,1015
456.04,1027
456.14,1024
456.33,1023
456.43,1023
456.62,1022
456.72,1029
456.91,1031
457.02,1025
457.20,1021
457.31,1025
457.50,1030
457.60,1022
457.79,1028
457.91,1025
458.02,1028
458.20,1029
458.31,1028
458.50,1034
458.60,1019
458.79,1040
458.89,1022
459.08,1029
459.18,1017
459.37,1024
459.48,1029
459.66,1032
459.77,1029
459.96,1024
460.06,1024
460.25,1030
460.35,1025
460.54,1023
460.64,1030
460.83,1024
460.96,1032
461.06,1031
461.25,1025
461.35,1038
461.54,1004
461.64,1043
461.83,1019
461.94,1026
462.12,1024
462.23,1030
462.42,1018
462.52,1040
462.71,1017
462.81,1040
463.00,1025
463.10,1030
463.29,1029
463.40,1025
463.58,1022
463.69,1028
463.88,1029
464.00,1022
464.10,1030
464.33,1026
464.43,1022
464.62,1019
464.72,1061
464.91,1018
465.02,1043
465.20,1013
465.31,1033
465.50,1024
465.60,1049
465.79,1024
465.89,1047
466.08,1023
466.18,1027
466.37,1029
466.48,1035
466.66,1023
466.77,1025
466.96,1025
467.06,1024
467.27,1023
467.46,1023
467.56,1031
467.75,1023
467.85,1031
468.04,1026
468.14,1025
468.33,1027
468.44,1030
468.62,1032
468.73,1023
468.92,1034
469.02,1026
469.21,1023
469.31,1031
469.50,1002
469.60,1003
469.79,1060
469.90,974
470.08,1027
470.19,1004
470.45,1049
470.64,1021
470.74,1060
470.93,1033
471.03,1066
471.22,990
471.32,1044
471.51,928
471.62,980
471.80,1024
471.91,1098
472.10,1042
472.20,941
472.39,1048
472.49,971
472.68,1013
472.78,880
472.99,978
473.10,1024
473.28,1040
473.39,1039
473.58,1048
473.70,1009
473.80,1012
473.99,1014
474.10,1035
474.28,1006
474.39,1026
474.58,995
474.68,1021
474.91,1010
475.01,1026
475.20,1008
475.30,1022
475.49,1029
475.60,1022
475.78,1023
475.89,1017
476.08,1024
476.18,1020
476.40,1013
476.50,1020
476.69,1020
476.80,1029
477.00,1018
477.10,1018
477.29,1012
477.39,1017
477.58,1015
477.68,1019
477.87,1015
477.98,1016
478.16,1019
478.27,1023
478.46,1018
478.56,1014
478.75,1025
478.85,1020
479.04,1015
479.14,1023
479.33,1019
479.44,1015
479.62,1006
479.73,1004
479.92,1018
480.04,1026
480.14,1023
480.33,1011
480.44,1035
480.70,1017
480.88,1023
480.99,1013
481.18,1013
481.28,1015
481.47,1022
481.57,1009
481.76,1005
481.86,1009
482.05,1030
482.16,1016
482.39,1035
482.49,1038
482.68,1029
482.78,1017
482.97,1037
483.08,1013
483.28,1032
483.47,1020
483.58,1028
483.76,1022
483.87,1029
484.06,1016
484.16,1044
484.35,1056
484.45,1037
484.64,1020
484.74,1028
484.93,1025
485.04,1017
485.22,1017
485.33,1025
485.59,1020
485.78,1034
485.88,1024
486.07,1025
486.17,1028
486.36,1016
486.47,1022
486.67,1022
486.77,1030
486.96,1025
487.06,1020
487.30,1025
487.40,1025
487.59,1030
487.70,1026
487.88,1021
487.99,1022
488.18,1022
488.28,1022
488.47,1024
488.57,1021
488.77,1026
488.87,1027
489.06,1008
489.16,1024
489.40,1001
489.50,1059
489.69,1030
489.82,1032
489.92,992
490.11,1034
490.21,1026
490.40,956
490.50,854
490.69,1071
490.80,964
490.98,993
491.09,1024
491.32,1038
491.42,1055
491.61,1051
491.71,1043
491.90,1046
492.00,1019
492.19,1036
492.30,1032
492.48,1021
492.59,1032
492.78,1025
492.88,1032
493.09,1030
493.28,1028
493.38,1029
493.56,1037
493.66,1031
493.85,1061
493.95,965
494.14,823
494.24,899
494.43,1040
494.54,1007
494.72,1064
494.83,1111
495.02,1037
495.12,1042
495.33,1047
495.44,1047
495.62,1049
495.73,1064
495.92,1000
496.02,1007
496.44,1025
496.54,1023
496.64,1039
496.75,1044
496.85,1037
496.96,1036
497.06,1043
497.16,1040
497.27,1038
497.37,1028
497.48,1024
497.58,1055
497.68,1052
497.79,1027
497.89,1034
498.00,1036
498.10,1025
498.20,1031
498.31,1034
498.41,1010
498.52,1032
498.63,1030
498.82,1045
498.93,1043
499.12,1029
499.22,1032
499.41,1039
499.51,1033
499.70,1043
499.80,1027
499.99,1041
500.10,1043
500.28,1040
500.39,1038
500.58,1043
500.68,1035
500.90,1037
501.00,1037
501.19,1026
501.29,1034
501.48,1039
501.58,1028
501.77,1033
501.90,1035
502.00,1043
502.19,1029
502.29,1031
502.48,1035
502.58,1033
502.77,1029
502.88,1035
503.06,1037
503.17,1034
503.36,1029
503.46,1029
503.65,1031
503.75,1033
503.94,1042
504.04,1034
504.23,1040
504.34,1037
504.52,1026
504.63,1033
504.87,1030
505.00,1038
505.10,1032
505.29,1034
505.39,1037
505.58,1035
505.68,1031
505.87,1035
505.98,1034
506.16,1026
506.27,1036
506.46,1031
506.56,1031
506.75,1029
506.85,1040
507.04,1028
507.14,1021
507.33,1037
507.44,1017
507.62,1036
507.73,1031
507.92,1037
508.03,1034
508.22,1032
508.33,1036
508.52,1037
508.62,1033
508.81,1037
508.91,1037
509.10,1035
509.20,1032
509.39,1033
509.50,1027
509.68,1031
509.79,1036
509.98,1031
510.08,1043
510.32,1042
510.42,1034
510.61,1049
510.71,1026
510.95,1039
511.05,1037
511.24,1041
511.36,1029
511.47,1029
511.66,1037
511.76,1035
512.01,1043
512.20,1033
512.30,1034
512.49,1025
512.59,1042
512.84,1034
513.05,1030
513.15,1037
513.34,1038
513.44,1039
513.63,1031
513.74,1036
513.92,1032
514.03,1032
514.22,1032
514.32,1025
514.52,1030
514.64,1034
514.74,1033
514.93,1033
515.04,1038
515.22,1029
515.33,1027
515.56,1031
515.66,1034
515.85,1026
515.95,1031
516.14,1038
516.24,1036
516.43,1034
516.54,1038
516.72,1035
516.83,1036
517.02,1035
517.12,1029
517.31,1028
517.41,1030
517.60,1042
517.71,1037
517.91,1031
518.01,1033
518.20,1042
518.31,1036
518.49,1032
518.60,1034
518.78,1033
518.89,1029
519.08,1035
519.18,1041
519.37,1034
519.47,1029
519.66,1040
519.76,1037
519.95,1030
520.06,1032
520.24,1035
520.35,1037
520.54,1039
520.64,1032
520.83,1036
520.95,1033
521.06,1035
521.24,1034
521.35,1032
521.54,1036
521.64,1034
521.83,1036
521.93,1032
522.12,1050
522.22,1031
522.41,1046
522.52,1041
522.70,1032
522.81,1037
523.00,1043
523.10,1035
523.29,1046
523.39,1036
523.58,1034
523.68,1024
523.87,1038
524.00,1032
524.10,1037
524.29,1035
524.39,1042
524.58,1031
524.68,1035
524.87,1031
524.98,1039
525.16,1033
525.27,1031
525.46,1038
525.56,1038
525.75,1035
525.85,1036
526.06,1037
526.16,1033
526.35,1026
526.45,1043
526.69,1030
526.79,1029
526.98,1039
527.09,1028
527.29,1038
527.39,1020
527.58,1032
527.68,1035
527.87,1026
527.98,1039
528.16,1035
528.27,1027
528.46,1037
528.56,1026
528.75,1048
528.85,1024
529.04,1039
529.14,1035
529.33,1047
529.44,1021
529.62,1031
529.73,1037
529.92,1036
530.02,1035
530.21,1035
530.33,1035
530.44,1039
530.62,1033
530.73,1033
530.92,1028
531.02,1037
531.21,1025
531.31,1032
531.50,1033
531.60,1036
531.79,1034
531.90,1035
532.08,1035
532.19,1039
532.42,1024
532.52,1042
532.71,1027
532.81,1035
533.00,1031
533.10,1033
533.29,1036
533.42,1034
533.52,1040
533.71,1038
533.81,1031
534.00,1037
534.11,1038
534.31,1035
534.42,1041
534.60,1035
534.71,1028
534.94,1007
535.05,1035
535.24,1030
535.34,1038
535.53,1032
535.63,1031
535.82,1034
535.92,1036
536.11,1026
536.22,1030
536.40,1029
536.52,1033
536.71,1037
536.82,1029
537.00,1028
537.11,1032
537.30,1044
537.40,1036
537.59,1034
537.69,1038
537.88,1036
537.98,1038
538.17,1032
538.28,1041
538.46,1034
538.57,1028
538.76,1033
538.86,1031
539.05,1034
539.15,1037
539.34,1030
539.44,1039
539.63,966
539.76,1103
539.86,972
540.05,1019
540.15,1030
540.34,1012
540.44,1049
540.63,1045
540.73,1018
540.92,1007
541.02,1027
541.21,1053
541.32,1111
541.51,1034
541.61,1004
541.80,1079
541.90,1049
542.09,1060
542.19,1017
542.38,1025
542.49,1032
542.68,1049
542.80,1032
542.90,1060
543.09,1040
543.20,1054
543.38,1016
543.49,1020
543.68,1043
543.78,1031
543.97,1029
544.07,1027
544.26,1039
544.36,1032
544.55,1038
544.66,1041
544.84,1045
544.95,1036
545.14,1032
545.24,1034
545.43,1038
545.53,1030
545.77,1040
545.87,1034
546.28,1040
546.47,1048
546.57,1037
546.76,1041
546.86,1041
547.05,1043
547.16,1036
547.34,1032
547.45,1040
547.64,1032
547.74,1033
547.93,1030
548.03,1036
548.22,1036
548.32,1036
548.51,1038
548.62,1040
548.80,1041
548.91,1029
549.10,1032
549.20,1032
549.41,1036
549.60,1042
549.70,1038
549.89,1045
549.99,1036
550.18,1034
550.28,1040
550.46,1038
550.56,1036
550.75,1036
550.85,1040
551.04,1018
551.14,1039
551.33,1019
551.44,1025
551.62,1046
551.73,1034
551.92,1045
552.02,1048
552.21,1027
552.32,1059
552.52,1045
552.71,1041
552.82,1041
553.00,1052
553.11,1038
553.30,1041
553.40,1036
553.59,1045
553.69,1042
553.88,1047
553.98,1043
554.17,1036
554.28,1043
554.46,1039
554.57,1043
554.76,1045
554.86,1048
555.05,1041
555.15,1043
555.34,1036
555.44,1034
555.63,1047
555.76,1034
555.86,1045
556.05,1043
556.15,1034
556.34,1032
556.44,1038
556.63,1041
556.74,1032
556.92,1029
557.03,1027
557.22,1041
557.32,1050
557.51,1026
557.61,1037
557.80,1039
557.90,1069
558.09,1034
558.20,1040
558.38,1045
558.49,1028
558.68,1044
558.80,1044
558.90,1037
559.09,1036
559.20,1045
559.38,1035
559.49,1052
559.68,1017
559.78,999
559.97,1068
560.07,1105
560.26,1018
560.36,1114
560.55,930
560.66,982
560.84,1068
560.95,1172
561.14,1000
561.24,1082
561.43,1173
561.53,1244
561.72,947
561.82,876
562.03,1043
562.22,1114
562.32,1364
562.55,881
562.66,552
562.84,1271
562.95,1444
563.14,955
563.24,1038
563.43,1000
563.53,1143
563.72,888
563.82,1144
564.01,1079
564.12,910
564.30,1419
564.41,1116
564.60,1058
564.70,3079
564.89,1055
564.99,722
565.18,1042
565.30,1437
565.41,1649
565.60,681
565.70,873
565.89,859
565.99,935
566.18,2119
566.28,616
566.47,989
566.58,1006
566.76,1052
566.87,1025
567.06,1037
567.16,1096
567.35,960
567.45,1066
567.64,1016
567.74,1002
567.93,1163
568.04,967
568.22,986
568.33,1019
568.57,1343
568.76,1110
568.86,1034
569.05,1043
569.16,1036
569.34,1009
569.45,1042
569.64,1051
569.74,1037
569.93,997
570.03,1062
570.22,1027
570.32,1055
570.51,1033
570.62,1015
570.80,983
570.91,1053
571.10,1164
571.20,1176
571.39,1053
571.49,1211
571.70,744
571.89,1418
571.99,956
572.18,1036
572.28,958
572.47,1018
572.58,1110
572.76,1263
572.87,1520
573.06,810
573.16,1380
573.35,1069
573.45,1115
573.64,1050
573.74,1107
573.93,1150
574.04,1031
574.22,1084
574.33,1116
574.52,1002
574.62,829
574.81,1397
574.93,1222
575.04,2138
575.22,854
575.33,950
575.52,1475
575.62,1348
575.81,870
575.91,1146
576.10,1072
576.20,1064
576.39,1027
576.50,1119
576.68,980
576.79,997
576.98,894
577.08,1179
577.27,1309
577.37,893
577.56,1028
577.66,1060
577.85,1315
577.96,1561
578.16,664
578.35,1742
578.46,984
578.64,1349
578.75,957
578.94,957
579.04,1113
579.25,1032
579.36,1252
579.54,1308
579.65,1027
579.84,1090
579.94,1089
580.13,1769
580.23,1130
580.42,1013
580.52,1280
580.71,1079
580.82,987
581.00,1040
581.11,1105
581.30,1040
581.42,1110
581.52,1027
581.71,1024
581.82,1188
582.00,1140
582.11,1321
582.30,926
582.40,1149
582.60,1012
582.70,1026
582.89,996
582.99,1095
583.18,1070
583.28,1082
583.47,918
583.58,918
583.76,1355
583.87,1176
584.06,1082
584.16,1035
584.35,1066
584.47,1044
584.58,1028
584.76,1007
584.87,1020
585.06,1503
585.16,1238
585.35,873
585.45,1097
585.64,848
585.74,1599
585.93,1973
586.04,913
586.22,969
586.33,1151
586.51,1369
586.61,1066
586.80,645
586.90,630
587.09,2310
587.20,967
587.38,1003
587.49,1013
587.70,1227
587.88,1172
587.99,894
588.18,1075
588.28,1065
588.47,1209
588.57,1250
588.76,638
588.86,1023
589.04,1071
589.14,1062
589.33,902
589.43,1542
589.62,791
589.72,1234
589.91,933
590.02,891
590.20,1321
590.31,713
590.50,1004
590.60,788
590.79,1059
590.91,1105
591.02,1105
591.20,1237
591.31,1051
591.50,1205
591.60,898
591.79,1125
591.89,1385
592.12,806
592.22,1220
592.41,981
592.51,1137
592.70,1072
592.80,1088
592.99,916
593.10,1166
593.28,915
593.39,536
593.58,399
593.68,2971
593.87,1308
593.97,963
594.18,1030
594.37,1020
594.47,1100
594.66,1097
594.77,1190
594.96,901
595.06,982
595.25,987
595.35,1579
595.54,1136
595.64,1008
595.83,1037
595.94,1079
596.12,1026
596.23,1075
596.42,1048
596.52,1145
596.71,972
596.81,1143
597.00,913
597.10,840
597.29,1068
597.53,273
597.63,1308
597.82,1128
597.92,1031
598.11,1451
598.22,1323
598.40,904
598.51,856
598.70,1574
598.80,942
598.99,992
599.09,1042
599.28,1061
599.38,1041
599.57,1040
599.68,1034
599.86,1028
599.97,1052
600.16,1033
600.26,1047
600.45,1041
600.55,1070
600.82,1072
601.01,1024
601.12,1021
601.30,1080
601.41,1041
601.60,1027
601.70,1184
601.89,987
601.99,789
602.18,1468
602.28,1227
602.47,1055
602.58,1096
602.76,1021
602.87,1066
603.06,1062
603.16,1044
603.35,1030
603.45,1066
603.64,985
603.74,1146
603.95,851
604.14,1395
604.24,797
604.43,664
604.54,1187
604.72,950
604.83,1092
605.02,964
605.12,1054
605.31,1127
605.41,1082
605.63,1240
605.74,1050
605.92,1036
606.03,1310
606.22,783
606.32,1649
606.51,1254
606.61,1025
606.80,999
606.90,1025
607.09,1265
607.22,1127
607.32,765
607.51,2132
607.61,722
607.80,1500
607.90,1359
608.09,996
608.20,1058
608.38,1688
608.49,2960
608.68,735
608.78,802
608.97,1160
609.07,1107
609.26,1544
609.36,1059
609.55,1118
609.66,830
609.84,1124
609.95,788
610.14,1290
610.24,1113
610.45,744
610.64,888
610.74,891
610.93,1356
611.03,1330
611.22,902
611.32,836
611.51,776
611.62,2235
611.80,1206
611.91,916
612.10,1140
612.20,1287
612.39,1240
612.49,761
612.71,1036
612.81,707
613.00,1549
613.10,1050
613.29,1046
613.40,1148
613.58,1636
613.71,1043
613.81,610
614.00,1524
614.10,1303
614.29,1097
614.40,1142
614.58,1171
614.69,1070
614.88,1785
614.98,813
615.17,1339
615.27,1365
615.46,853
615.56,902
615.75,1004
615.86,889
616.04,1730
616.15,1087
616.34,1459
616.44,938
616.63,1065
616.73,1452
616.94,1175
617.13,1060
617.23,1065
617.42,1097
617.52,999
617.74,913
617.85,931
618.04,1104
618.14,1063
618.33,1013
618.43,990
618.62,1308
618.72,949
618.91,1395
619.02,1667
619.20,920
619.31,1046
619.50,1051
619.60,1067
619.79,1064
619.89,1043
620.08,1033
620.20,1004
620.31,1053
620.50,1055
620.60,1042
620.78,1054
620.88,1020
621.07,1044
621.18,1050
621.36,1043
621.47,1016
621.66,1026
621.76,1034
621.95,1020
622.05,992
622.24,1376
622.34,1077
622.53,1030
622.64,736
622.82,1071
622.93,964
623.12,1098
623.23,1152
623.42,1087
623.53,1080
623.72,820
623.82,1306
624.01,1091
624.11,997
624.30,1081
624.40,1129
624.59,1055
624.70,1068
624.88,1110
624.99,1159
625.18,1014
625.28,1075
625.47,1055
625.57,1227
625.76,1131
625.86,1010
626.05,975
626.16,1066
626.34,1037
626.47,1034
626.57,1063
626.76,1037
626.86,1075
627.05,1052
627.16,1030
627.35,1047
627.45,1043
627.64,1042
627.74,1033
627.93,1042
628.03,1035
628.22,1041
628.32,1035
628.51,1040
628.61,1045
628.80,1042
628.90,1039
629.09,1038
629.20,1056
629.41,1041
629.53,1048
629.64,1055
629.82,1038
629.93,1072
630.12,1019
630.22,1064
630.43,1000
630.53,1114
630.72,1062
630.82,1090
631.01,1081
631.12,1050
631.30,979
631.41,952
631.60,1048
631.70,1068
631.89,1494
631.99,1155
632.18,1093
632.28,1067
632.47,1001
632.58,951
632.78,992
632.97,1043
633.08,1182
633.26,1008
633.37,1236
633.56,1094
633.66,914
633.85,1026
633.95,738
634.14,1151
634.24,1063
634.43,1047
634.54,1041
634.72,1153
634.83,1066
635.02,1522
635.12,970
635.31,951
635.41,1567
635.60,1079
635.70,1298
635.87,1130
636.00,1019
636.10,1021
636.29,1069
636.39,1071
636.58,732
636.68,1105
636.87,945
636.98,1190
637.16,1011
637.27,1069
637.46,988
637.56,1047
637.75,915
637.85,1442
638.04,1079
638.14,1268
638.33,957
638.44,1002
638.62,995
638.73,1022
638.92,978
639.02,872
639.23,1069
639.42,1011
639.52,1014
639.71,1016
639.81,1014
640.00,1004
640.10,1027
640.29,992
640.40,1008
640.58,1004
640.69,1011
640.88,1175
640.98,1036
641.17,1009
641.27,1010
641.46,1005
641.56,988
641.75,1021
641.86,1010
642.04,1003
642.15,988
642.36,1020
642.56,1017
642.67,1013
642.86,1005
642.96,1000
643.15,1017
643.25,990
643.44,1035
643.54,1115
643.73,1193
643.84,959
644.02,932
644.13,974
644.32,990
644.42,1033
644.61,1144
644.71,983
644.90,1007
645.00,969
645.19,756
645.30,1277
645.48,1039
645.61,1021
645.71,890
645.90,1031
646.00,981
646.19,1056
646.30,1033
646.48,802
646.59,1070
646.81,815
646.91,1015
647.10,1007
647.20,1011
647.42,978
647.52,1066
647.71,1071
647.82,1028
648.00,1007
648.11,1019
648.30,1012
648.40,1018
648.59,1007
648.69,1007
649.10,1014
649.29,1024
649.39,1004
649.58,1009
649.68,1025
649.87,1055
649.98,1003
650.16,1013
650.27,1006
650.46,1013
650.56,1023
650.75,1010
650.85,1006
651.04,1018
651.14,1014
651.33,1004
651.44,1007
651.62,1008
651.73,1014
651.92,1012
652.02,998
652.22,1023
652.33,1007
652.43,1021
652.62,1002
652.72,1051
652.91,994
653.02,1029
653.20,1027
653.31,1020
653.50,950
653.60,939
653.79,1039
653.89,1047
654.08,1005
654.18,1016
654.37,1002
654.48,1004
654.66,1047
654.77,1021
654.96,1026
655.06,860
655.25,1008
655.37,898
655.48,991
655.66,926
655.77,981
655.96,1097
656.06,1108
656.25,985
656.35,1035
656.54,2915
656.64,1523
656.83,1106
656.94,1039
657.12,1090
657.23,953
657.42,1238
657.52,998
657.71,997
657.81,942
658.00,1075
658.10,1087
658.29,983
658.40,1103
658.60,1010
658.79,973
658.90,1526
659.08,1136
659.19,834
659.38,1058
659.48,1077
659.67,1089
659.77,997
659.96,1325
660.06,1150
660.25,2329
660.36,2058
660.54,1476
660.65,698
660.84,459
660.94,2252
661.13,877
661.23,495
661.42,1128
661.52,1102
661.71,898
661.84,1213
661.94,969
662.13,1073
662.23,996
662.42,1024
662.52,1044
662.71,1056
662.82,1015
663.00,1016
663.11,1036
663.30,1044
663.40,1037
663.59,1032
663.69,1040
663.88,1068
663.98,1034
664.17,1012
664.28,1036
664.46,1008
664.57,1060
664.76,1044
664.86,1009
665.07,1022
665.26,1017
665.36,1025
665.55,1045
665.65,1044
665.84,1040
665.94,1036
666.13,1029
666.24,1021
666.42,1033
666.53,1041
666.72,1022
666.82,1033
667.01,1029
667.11,1029
667.30,1037
667.40,1045
667.59,1041
667.70,1029
667.88,1037
667.99,1029
668.20,1028
668.38,1025
668.49,1045
668.68,1033
668.78,1033
668.97,1029
669.07,1033
669.26,1021
669.36,1033
669.55,1033
669.66,1033
669.84,1033
669.95,1029
670.14,1013
670.24,1037
670.47,1037
670.57,1029
670.76,1029
670.86,1041
671.05,1037
671.16,1029
671.35,1029
671.46,1045
671.57,1029
671.76,1033
671.86,1029
672.05,1029
672.15,1028
672.34,1029
672.44,1041
672.63,1033
672.74,1037
672.92,1037
673.03,1033
673.22,1025
673.32,1021
673.51,1033
673.61,1041
673.80,1033
673.90,1037
674.09,1028
674.20,1037
674.38,1025
674.51,1033
674.61,1033
674.80,1049
674.90,1040
675.09,1057
675.20,1025
675.38,1005
675.49,1001
675.68,1017
675.78,1025
675.97,1029
676.07,1033
676.26,1037
676.36,1029
676.55,1025
676.66,989
676.84,1025
676.95,1029
677.14,1033
677.24,1021
677.43,1041
677.55,1026
677.66,1029
677.84,1032
677.95,1029
678.13,1024
678.24,1036
678.42,1036
678.53,1041
678.72,1021
678.82,1037
679.01,1041
679.11,1033
679.30,1025
679.40,1017
679.59,1037
679.70,1017
679.88,1033
679.99,1013
680.18,1041
680.28,1029
680.47,1041
680.57,1021
680.78,1037
680.97,1021
681.07,1029
681.26,1033
681.36,1037
681.55,1029
681.66,1041
681.84,1029
681.95,1037
682.14,1029
682.24,1037
682.43,1025
682.53,1017
682.72,1033
682.82,1033
683.01,1045
683.12,1037
683.30,1025
683.41,1033
683.60,1033
683.70,1036
683.91,1077
684.10,1041
684.20,1136
684.39,1029
684.49,1053
684.68,1033
684.78,1033
684.97,1037
685.08,1033
685.26,1037
685.37,1033
685.56,952
685.66,1069
685.85,1021
685.95,1037
686.14,1033
686.24,1033
686.43,1036
686.54,1040
686.72,1041
686.83,1025
687.04,1026
687.22,1033
687.33,1037
687.52,1028
687.62,1033
687.81,1041
687.91,1029
688.10,1033
688.20,1037
688.39,1036
688.50,1033
688.68,1028
688.79,1040
688.98,1025
689.08,1041
689.29,1026
689.39,1025
689.58,1033
689.68,1028
689.87,1037
689.98,1033
690.16,1029
690.29,1029
690.39,1033
690.58,1033
690.68,1037
690.87,1021
690.98,1034
691.16,1997
691.27,791
691.46,1133
691.56,968
691.75,1071
691.85,1029
692.04,1037
692.14,1045
692.33,1037
692.44,1030
692.62,1029
692.73,1029
692.92,1040
693.02,1037
693.21,1033
693.33,1029
693.44,1033
693.62,1033
693.73,1029
693.92,1029
694.02,1026
694.21,1038
694.31,1037
694.50,1033
694.60,1037
694.79,1037
694.90,1025
695.08,1037
695.19,1033
695.38,1033
695.48,1033
695.67,1024
695.77,1025
695.96,1032
696.06,1025
696.25,1044
696.36,1033
696.56,1033
696.66,1040
696.85,1037
696.96,1025
697.14,1029
697.25,1045
697.44,1037
697.54,1029
697.73,1037
697.83,1033
698.06,1049
698.16,1033
698.35,1025
698.46,1024
698.64,1033
698.75,1041
698.94,1025
699.04,1029
699.23,1033
699.33,1029
699.52,1033
699.76,1028
699.86,1037
700.08,1025
700.18,1033
700.37,1029
700.48,1033
700.66,1041
700.77,1045
700.96,1036
701.06,1029
701.25,1025
701.35,1037
701.54,1029
701.64,1037
701.83,1037
701.94,1028
702.14,1040
702.24,1037
702.43,1033
702.54,1028
702.75,1037
702.88,1033
702.98,1033
703.17,1025
703.27,1033
703.46,1029
703.56,1033
703.75,1033
703.86,1028
704.04,1033
704.15,1032
704.36,1033
704.47,1025
704.66,1033
704.76,1045
704.95,1029
705.05,1037
705.24,1017
705.34,1040
705.53,1029
705.64,1025
705.82,1033
705.94,1033
706.13,1029
706.24,1032
706.42,1033
706.53,1041
706.79,1041
707.00,1029
707.10,1041
707.29,1033
707.39,1029
707.61,1032
707.71,1037
707.90,1037
708.00,1037
708.19,1041
708.30,1041
708.48,1041
708.59,1037
708.78,1013
708.88,1029
709.07,1029
709.17,1037
709.45,1037
709.64,1040
709.74,1029
709.93,1036
710.03,1029
710.24,1033
710.34,1040
710.53,1041
710.64,1037
710.82,1029
710.93,1036
711.12,1037
711.22,1032
711.41,1037
711.51,1033
711.70,1033
711.80,1045
711.99,1025
712.10,1025
712.28,1041
712.39,1041
712.60,1036
712.78,1025
712.89,1033
713.08,1033
713.18,1029
713.37,1037
713.47,1025
713.66,1025
713.76,1029
713.95,1029
714.06,1033
714.24,1041
714.35,1033
714.54,1036
714.64,1024
714.83,1041
714.93,1028
715.12,1033
715.22,1033
715.41,1041
715.52,1033
715.71,1029
715.82,1041
715.93,1033
716.12,1028
716.22,1025
716.41,1041
716.51,1033
716.70,1029
716.80,1000
716.99,1025
717.10,1023
717.28,1045
717.39,1008
717.58,1061
717.68,1034
717.87,1060
717.97,1015
718.16,1049
718.26,1014
718.45,1041
718.56,1045
718.74,1025
718.87,1026
718.97,1033
719.16,1034
719.26,1044
719.45,1026
719.56,1032
719.74,1033
719.85,1025
720.04,1037
720.14,1033
720.33,1040
720.43,1033
720.62,1040
720.72,1041
720.95,1029
721.05,1029
721.24,1025
721.34,1029
721.53,1029
721.64,1025
721.82,1033
721.95,1036
722.05,1037
722.24,1037
722.34,1029
722.53,1029
722.64,1033
722.82,1048
722.93,1029
723.12,1041
723.22,1029
723.42,1025
723.52,1028
723.71,1033
723.81,1032
724.00,1033
724.10,1037
724.29,1037
724.40,1025
724.58,1037
724.69,1033
724.88,1036
724.99,1037
725.24,1033
725.35,1032
725.54,1036
725.64,1037
725.83,1033
725.93,1032
726.12,1041
726.22,1037
726.41,1029
726.52,1037
726.70,1033
726.81,1033
727.00,1029
727.10,1037
727.29,1041
727.39,1037
727.58,1025
727.68,1033
727.87,1033
727.98,993
728.16,1063
728.29,1113
728.39,1377
728.58,778
728.68,948
728.86,1061
728.96,2540
729.15,1021
729.26,852
729.44,1195
729.55,1180
729.74,610
729.84,1107
730.03,1045
730.13,1087
730.32,1082
730.42,984
730.61,1296
730.72,1105
730.90,1019
731.01,1031
731.20,991
731.30,1034
731.51,998
731.70,1043
731.80,1046
731.99,1020
732.09,1052
732.28,1042
732.38,1059
732.57,984
732.68,1074
732.86,1049
732.97,1111
733.16,1057
733.26,983
733.43,1021
733.53,1096
733.72,1230
733.82,1202
734.01,972
734.12,1060
734.35,1091
734.45,1033
734.66,1026
734.85,944
734.95,977
735.14,910
735.24,1018
735.43,1055
735.54,1191
735.72,986
735.83,978
736.02,1038
736.12,1068
736.31,1125
736.41,1463
736.60,1096
736.70,2067
736.89,758
737.00,1122
737.18,1034
737.29,1016
737.48,1049
737.58,1022
737.77,1042
737.89,1010
738.00,932
738.18,1069
738.29,1100
738.48,1057
738.58,1066
738.77,1811
738.87,1030
739.06,1387
739.16,947
739.35,1055
739.46,979
739.64,919
739.75,824
739.94,973
740.04,1070
740.23,1098
740.33,1033
740.53,978
740.63,1033
740.82,1088
740.92,988
741.13,1070
741.32,1208
741.42,1165
741.61,1041
741.72,980
741.90,1060
742.01,1195
742.20,1128
742.30,1027
742.49,1022
742.59,710
742.78,996
742.88,1131
743.07,959
743.18,1089
743.36,1121
743.47,1132
743.66,1084
743.76,1046
743.95,1066
744.05,813
744.24,1059
744.36,1102
744.47,1016
744.69,1031
744.79,1046
744.98,1062
745.08,1286
745.27,1023
745.38,992
745.56,1019
745.67,1080
745.86,1034
745.96,1058
746.15,1061
746.25,1041
746.44,1069
746.54,1104
746.73,1017
746.84,1141
747.02,1021
747.13,1191
747.32,1015
747.44,1042
747.54,1540
747.73,975
747.84,1176
748.02,1281
748.13,1031
748.32,1263
748.42,963
748.61,1260
748.71,434
748.90,1822
749.00,2086
749.19,1155
749.30,961
749.48,1027
749.59,1091
749.78,1396
749.88,1360
750.07,1248
750.17,1126
750.36,1049
750.46,1637
750.87,1315
751.06,946
751.16,1059
751.35,958
751.46,948
751.64,1177
751.75,1571
751.94,961
752.04,904
752.23,1212
752.33,1118
752.52,1086
752.62,995
752.81,1064
752.92,1173
753.10,994
753.21,1727
753.40,954
753.50,1157
753.69,1271
753.79,1272
753.98,927
754.10,1359
754.21,1208
754.40,1081
754.50,1044
754.69,1079
754.79,1294
754.98,935
755.08,992
755.27,993
755.38,1033
755.56,1303
755.67,1256
755.86,1261
755.96,1189
756.15,1021
756.25,1255
756.44,1080
756.54,1050
756.73,953
756.84,1011
757.02,1174
757.13,1011
757.34,1159
757.52,913
757.63,1086
757.82,1086
757.92,1167
758.11,1036
758.21,1161
758.46,821
758.56,1015
758.75,1023
758.85,1087
759.04,1182
759.14,1144
759.33,1093
759.44,1249
759.68,577
759.78,1079
759.97,1306
760.08,1005
760.26,1150
760.37,790
760.56,1694
760.68,1461
760.78,1455
760.97,1061
761.07,856
761.26,2141
761.36,1169
761.55,1197
761.66,1116
761.84,1796
761.95,978
762.14,1057
762.24,1222
762.43,1266
762.53,2214
762.72,1337
762.82,1283
763.01,1219
763.12,1978
763.30,1547
763.41,1168
763.60,1189
763.72,1908
763.82,2122
764.01,1351
764.12,1030
764.29,1468
764.39,2412
764.58,1543
764.68,1280
764.87,1513
764.98,1121
765.19,998
765.29,1106
765.48,1229
765.58,969
765.77,1024
765.88,1002
766.06,1109
766.17,1019
766.36,1015
766.46,1125
766.65,1085
766.76,995
766.96,1052
767.06,1092
767.25,1045
767.35,1053
767.54,1096
767.64,1098
767.83,1027
767.94,1056
768.12,1044
768.23,1051
768.45,1061
768.56,1069
768.74,1066
768.85,1087
769.04,1033
769.14,1065
769.33,1070
769.43,980
769.66,1047
769.76,1305
769.95,990
770.07,855
770.18,1165
770.36,1038
770.47,1050
770.66,1021
770.76,996
770.95,1298
771.05,958
771.24,967
771.34,1096
771.53,934
771.64,1028
771.82,1053
771.93,1034
772.12,947
772.22,1009
772.41,1140
772.51,1026
772.70,1085
772.80,1034
772.99,1033
773.10,1143
773.30,1188
773.49,1562
773.60,1236
773.78,1011
773.89,1488
774.08,969
774.18,906
774.37,878
774.47,1121
774.66,854
774.76,388
774.95,1623
775.06,2706
775.24,1566
775.35,1163
775.54,1064
775.64,1008
775.83,1017
775.93,1061
776.12,1148
776.22,1114
776.41,1082
776.54,1154
776.64,1079
776.83,1142
776.93,986
777.12,1168
777.22,1022
777.41,1053
777.52,1159
777.70,1047
777.81,995
778.00,990
778.10,1115
778.29,1123
778.39,1120
778.58,1047
778.68,1203
778.87,967
778.98,1602
779.16,1386
779.27,1187
779.46,1182
779.58,956
779.68,997
779.87,925
779.98,863
780.16,1208
780.27,1143
780.46,1138
780.56,1114
780.75,1118
780.85,1130
781.04,1438
781.14,1122
781.33,1228
781.44,1125
781.62,1069
781.73,1361
781.96,1440
782.06,1326
782.25,982
782.35,1258
782.54,1575
782.64,1120
782.85,1193
783.04,1142
783.14,1075
783.33,1403
783.44,1177
783.62,1513
783.73,1624
783.92,869
784.02,1038
784.21,1104
784.31,1112
784.50,1134
784.60,1150
784.79,1037
784.90,1071
785.08,1004
785.19,913
785.38,1234
785.48,1322
785.67,1027
785.77,910
785.96,1262
786.08,1802
786.19,807
786.38,1300
786.48,1642
786.67,2320
786.77,2339
786.96,1298
787.06,1485
787.25,2090
787.36,2059
787.54,1902
787.65,2431
787.84,3533
787.94,3533
788.13,3428
788.23,2814
788.42,694
788.52,1348
788.71,1970
788.82,1572
789.00,1515
789.13,1098
789.23,1169
789.42,2561
789.52,2554
789.71,1006
789.82,956
790.00,1086
790.11,1347
790.30,1588
790.40,1380
790.59,1269
790.69,948
790.88,1467
790.98,1904
791.18,948
791.28,714
791.47,1323
791.57,1504
791.76,780
791.86,718
792.05,1573
792.16,1297
792.36,1192
792.55,896
792.66,1131
792.84,1069
792.95,1129
793.14,912
793.24,1030
793.43,1439
793.53,1002
793.72,1245
793.82,1029
794.01,1022
794.12,1540
794.30,899
794.41,1004
794.60,1056
794.70,1132
794.89,1895
794.99,868
795.18,915
795.28,1476
795.47,1734
795.60,1463
795.70,1039
795.89,727
795.99,885
796.20,942
796.30,1085
796.49,1026
796.59,1459
796.78,847
796.88,818
797.07,1088
797.18,902
797.36,1284
797.47,1385
797.66,797
797.76,887
797.95,1119
798.05,955
798.24,1145
798.34,1240
798.53,889
798.64,913
798.84,1103
799.03,979
799.14,1005
799.32,1052
799.43,964
799.64,976
799.75,998
799.94,934
800.04,1027
800.23,1034
800.33,1184
800.52,1015
800.62,1008
800.81,1028
800.92,1000
801.10,1076
801.21,963
801.40,1021
801.50,863
801.69,889
801.79,981
801.98,872
802.22,298
802.32,969
802.51,1751
802.61,1415
802.80,1652
802.91,1636
803.09,712
803.20,1272
803.38,859
803.49,968
803.68,1069
803.78,1108
803.97,1574
804.07,1076
804.26,1179
804.36,604
804.55,1332
804.66,1021
804.84,821
804.95,956
805.14,1005
805.24,1009
805.45,1031
805.64,1132
805.74,1167
805.99,1048
806.18,1086
806.28,995
806.47,1068
806.57,1065
806.76,1031
806.86,1055
807.05,1048
807.16,1116
807.34,1103
807.45,989
807.64,1012
807.74,1075
807.93,1024
808.03,1012
808.22,1036
808.32,1036
808.51,1027
808.62,1016
808.82,1012
809.01,1030
809.12,977
809.30,1035
809.41,1026
809.60,1037
809.70,1066
809.89,1032
809.99,1031
810.18,1065
810.28,1035
810.47,1052
810.58,1023
810.76,1063
810.87,1031
811.06,1024
811.16,1062
811.35,1004
811.45,1143
811.64,1065
811.74,1054
811.95,1094
812.14,1175
812.24,1149
812.43,1240
812.54,998
812.72,1048
812.83,1053
813.02,1137
813.12,1099
813.31,979
813.41,1092
813.60,1064
813.70,1132
813.89,1008
814.00,1078
814.18,1042
814.29,1037
814.48,1053
814.58,1034
814.77,1045
814.87,999
815.06,1043
815.18,1068
815.29,1069
815.48,1015
815.58,1049
815.77,1047
815.87,1035
816.06,1065
816.16,1021
816.35,1047
816.46,1470
816.64,2048
816.75,669
816.94,831
817.04,1121
817.23,1491
817.33,893
817.52,1117
817.62,697
817.84,1388
817.95,1735
818.14,502
818.26,417
818.36,882
818.55,1594
818.66,1943
818.84,979
818.95,889
819.14,1087
819.24,1080
819.43,1051
819.53,1016
819.72,1050
819.82,1059
820.01,1013
820.12,1040
820.30,1042
820.41,1029
820.60,1030
820.70,1032
820.89,1041
820.99,1041
821.18,1048
821.28,1030
821.49,1036
821.68,1038
821.78,1043
821.97,1044
822.08,1036
822.26,1036
822.37,1030
822.56,1052
822.66,1019
822.85,1053
822.95,1045
823.14,1035
823.24,1036
823.43,1042
823.54,1046
823.72,1046
823.83,1051
824.02,1045
824.12,1040
824.31,1022
824.41,1023
824.62,955
824.81,1177
824.91,1094
825.10,994
825.20,1051
825.39,1061
825.50,1051
825.68,1035
825.79,1047
825.98,1095
826.08,1092
826.27,1101
826.37,1084
826.56,1050
826.66,1020
826.85,1038
826.96,1005
827.14,1082
827.25,1040
827.44,928
827.54,1022
827.73,1012
827.85,1060
827.96,1054
828.14,924
828.25,1223
828.44,1015
828.54,1268
828.73,969
828.83,910
829.02,1168
829.12,1089
829.31,1125
829.42,1064
829.60,950
829.71,1166
829.90,1058
830.00,1006
830.19,1082
830.29,1048
830.48,1119
830.58,1111
830.77,1096
830.88,1019
831.08,1066
831.27,1044
831.38,1022
831.56,1048
831.67,998
831.86,1143
831.96,1175
832.15,1016
832.25,1029
832.44,1054
832.54,1130
832.73,1089
832.84,1075
833.02,1033
833.13,942
833.32,1167
833.42,1065
833.61,1101
833.72,1116
833.90,1115
834.01,1427
834.22,982
834.40,1181
834.51,1224
834.70,1029
834.80,1063
834.99,972
835.09,975
835.28,1222
835.38,1156
835.57,1101
835.68,1477
835.86,1034
835.97,1021
836.16,1171
836.26,1011
836.45,1121
836.55,1158
836.74,1020
836.84,1040
837.03,1041
837.14,1046
837.32,1047
837.45,983
837.55,991
837.76,1013
837.87,1196
838.06,1140
838.16,1042
838.35,1035
838.45,1032
838.64,1545
838.74,1407
838.93,907
839.04,1448
839.25,2288
839.36,2893
839.54,1031
839.65,565
839.84,1323
839.94,1173
840.13,1161
840.23,1304
840.42,770
840.53,716
840.73,2010
840.83,2264
841.02,1140
841.12,591
841.31,1447
841.42,1364
841.60,666
841.71,388
841.90,1155
842.00,1851
842.19,1355
842.29,971
842.48,1262
842.58,1275
842.77,1050
842.88,952
843.06,1516
843.17,2537
843.36,1808
843.46,1607
843.65,1152
843.77,2173
843.88,2242
844.06,974
844.17,1079
844.36,969
844.46,1078
844.65,984
844.75,935
844.94,1140
845.04,841
845.23,1114
845.34,875
845.52,996
845.63,1032
845.82,1181
845.92,1037
846.11,768
846.21,1285
846.40,1073
846.50,1107
846.69,811
846.80,1125
847.00,853
847.19,968
847.30,1456
847.48,960
847.59,855
847.78,746
847.88,1404
848.07,735
848.17,1030
848.36,1023
848.46,1757
848.65,1102
848.76,1480
848.94,997
849.05,1008
849.24,1009
849.34,1051
849.53,1063
849.63,1058
849.82,1042
849.92,1029
850.11,1195
850.24,1181
850.34,879
850.53,1006
850.63,836
850.82,1338
850.92,1014
851.11,1347
851.22,1122
851.40,1211
851.51,1159
851.70,903
851.80,1059
851.99,1016
852.09,1262
852.28,1089
852.38,1109
852.57,1054
852.68,1071
852.86,1046
852.97,1109
853.16,925
853.26,1086
853.67,1148
853.86,1022
853.96,1090
854.15,1065
854.25,958
854.44,1014
854.54,1045
854.73,1063
854.84,1052
855.02,1052
855.13,1064
855.32,1039
855.42,1048
855.61,1053
855.71,1047
855.94,1037
856.05,1044
856.24,1056
856.34,1030
856.53,1075
856.63,1073
856.84,1060
857.03,1043
857.13,1041
857.32,1029
857.42,1046
857.61,1054
857.72,1065
857.90,1041
858.01,1047
858.20,1040
858.30,1062
858.49,1056
858.59,1060
858.78,1033
858.88,1058
859.07,1057
859.18,1038
859.36,1063
859.47,1054
859.66,1051
859.76,1056
859.95,1054
860.07,1056
860.18,1055
860.36,1069
860.47,1059
860.66,1051
860.76,1053
860.95,1052
861.05,1058
861.24,1049
861.34,1075
861.53,1040
861.64,1081
861.82,985
861.93,1197
862.12,1437
862.22,1244
862.41,925
862.51,612
862.70,1195
862.80,1110
862.99,834
863.12,1267
863.22,1025
863.41,984
863.51,1273
863.70,1099
863.80,980
863.99,1024
864.10,929
864.28,1210
864.39,1383
864.58,1222
864.68,1211
864.87,1340
864.97,1190
865.16,1467
865.26,1122
865.45,1112
865.56,1090
865.74,1286
865.85,923
866.04,1090
866.14,1129
866.35,1009
866.54,1055
866.64,1027
866.83,1051
866.93,1039
867.12,1054
867.22,1037
867.41,1052
867.52,1092
867.70,1056
867.81,1045
868.00,1053
868.10,1049
868.29,1054
868.39,1112
868.58,987
868.68,1096
868.87,1069
868.98,1094
869.16,1051
869.27,1036
869.46,1094
869.58,1002
869.68,1027
869.87,1175
869.97,1092
870.16,972
870.26,1069
870.45,1027
870.56,954
870.74,1072
870.85,1031
871.04,1103
871.14,1064
871.33,1129
871.43,1136
871.62,995
871.72,1045
871.91,1077
872.02,1047
872.21,979
872.31,1282
872.50,1204
872.62,2023
872.72,1741
872.91,1021
873.02,243
873.20,354
873.31,810
873.50,2262
873.60,3189
873.79,1602
873.89,1324
874.08,1127
874.18,1407
874.37,920
874.48,1116
874.66,1066
874.77,1046
874.96,1294
875.06,1036
875.25,1402
875.35,1631
875.54,1217
875.64,941
875.85,1634
876.04,795
876.14,973
876.33,1350
876.44,1144
876.62,1050
876.73,1091
876.92,1002
877.02,1188
877.21,1356
877.31,1127
877.51,2678
877.61,1430
877.80,1736
877.90,776
878.09,1721
878.20,1540
878.38,595
878.49,2064
878.68,1411
878.78,1123
878.97,995
879.09,836
879.20,957
879.38,1772
879.49,1071
879.68,891
879.78,834
879.97,1517
880.07,1061
880.26,1208
880.36,937
880.59,1151
880.69,1025
880.88,1115
880.98,2727
881.17,1102
881.28,872
881.46,816
881.57,1748
881.76,900
881.86,1436
882.05,968
882.15,1049
882.36,1064
882.55,1024
882.65,1339
882.84,332
882.94,1884
883.13,1676
883.24,646
883.42,1208
883.53,1269
883.72,961
883.82,1036
884.01,1113
884.11,1043
884.30,972
884.40,877
884.59,1054
884.70,997
884.88,1041
884.99,1016
885.18,1017
885.28,1000
885.47,984
885.59,1070
885.70,1213
885.88,1005
885.99,985
886.18,1071
886.28,1046
886.47,1022
886.57,1047
886.79,1045
886.89,1016
887.08,1058
887.18,1056
887.37,249
887.48,1062
887.66,1701
887.77,949
888.03,1214
888.22,822
888.32,1089
888.51,1264
888.62,1033
888.82,1083
889.05,1025
889.16,999
889.34,1098
889.45,1130
889.64,1063
889.74,1014
889.93,1061
890.03,1066
890.22,1090
890.32,1067
890.51,1036
890.62,1019
890.80,1061
890.91,1026
891.10,1045
891.20,1047
891.39,1052
891.49,1043
891.68,1056
891.78,1052
891.97,1035
892.10,1052
892.20,1058
892.39,1039
892.49,1054
892.68,1040
892.78,1052
892.97,1052
893.08,1051
893.26,1035
893.37,1062
893.56,1021
893.66,1044
893.85,1046
893.95,1052
894.14,1037
894.24,1044
894.43,1043
894.54,1037
894.72,1040
894.83,1044
895.02,1042
895.14,1046
895.24,1046
895.43,1029
895.54,1035
895.72,1037
895.83,1052
896.02,1039
896.12,1053
896.31,1040
896.41,1037
896.60,1046
896.70,1034
896.90,1053
897.01,1045
897.20,1032
897.30,1042
897.49,1062
897.59,1070
897.78,1066
897.88,1077
898.07,1059
898.20,1062
898.30,941
898.49,1119
898.59,1184
898.78,1026
898.88,1065
899.07,1008
899.18,1043
899.36,1066
899.47,1091
899.66,1056
899.76,1065
899.95,1065
900.05,1045
900.24,1038
900.34,1046
900.53,1042
900.64,1047
900.82,1031
900.93,1088
901.12,1068
901.22,1075
901.43,1044
901.62,1060
901.72,1047
901.91,1102
902.01,1050
902.20,1044
902.30,974
902.49,1311
902.60,1105
902.78,1143
902.89,1122
903.08,921
903.18,878
903.37,1342
903.47,1151
903.66,1050
903.76,1080
903.95,1034
904.06,1055
904.24,1088
904.35,1091
904.76,1061
904.87,996
905.06,1142
905.16,1160
905.35,2044
905.45,1679
905.64,375
905.74,467
905.93,1385
906.04,1080
906.22,958
906.33,1027
906.52,1083
906.62,1033
906.81,1160
906.91,494
907.10,1295
907.20,1635
907.39,956
907.50,831
907.68,1675
907.79,2779
908.00,902
908.18,1387
908.29,1360
908.48,1660
908.58,1063
908.77,1018
908.87,979
909.06,1152
909.16,1273
909.40,1825
909.51,1405
909.70,1553
909.80,1084
909.99,1037
910.09,1248
910.28,1030
910.38,1064
910.57,1005
910.68,967
910.89,1155
911.00,1271
911.18,1032
911.31,1082
911.41,1082
911.60,1079
911.71,1012
911.87,1029
911.97,1032
912.16,1066
912.26,1053
912.45,1032
912.56,1018
912.74,1094
912.85,1085
913.04,1062
913.14,1033
913.33,1027
913.43,1034
913.66,1081
913.77,1034
913.96,1049
914.06,1292
914.25,2684
914.37,1282
914.48,1443
914.66,688
914.77,1948
914.96,1282
915.06,1095
915.25,869
915.35,688
915.54,2776
915.64,1862
915.83,1181
915.94,1430
916.12,1474
916.23,1341
916.42,1025
916.52,2267
916.71,1103
916.81,2051
917.00,1390
917.10,2910
917.29,768
917.40,718
917.60,1688
917.79,951
917.90,1006
918.08,1059
918.19,1203
918.38,1152
918.48,948
918.67,1311
918.77,1034
918.96,1170
919.06,1094
919.25,1568
919.36,1215
919.54,1122
919.65,1135
919.84,1253
919.94,839
920.13,814
920.23,1541
920.45,1197
920.56,983
920.74,1156
920.87,882
920.97,1124
921.16,1254
921.26,1139
921.45,1070
921.56,1070
921.74,1034
921.85,955
922.04,754
922.14,1019
922.33,1146
922.43,1044
922.62,1072
922.72,852
922.91,1292
923.02,1109
923.20,1294
923.31,1212
923.50,1315
923.60,973
923.79,868
923.89,1194
924.10,1081
924.29,898
924.39,713
924.58,1396
924.68,741
924.87,1067
924.98,1185
925.16,1081
925.27,1013
925.46,1002
925.56,1080
925.75,1524
925.85,797
926.04,1195
926.14,725
926.33,1032
926.44,826
926.62,1132
926.73,963
926.92,1069
927.02,987
927.21,1056
927.33,1085
927.44,1053
927.61,1096
927.71,1053
927.90,960
928.00,1129
928.19,1020
928.30,1081
928.48,1415
928.59,1182
928.78,1089
928.88,991
929.07,976
929.17,1033
929.36,1067
929.46,1025
929.65,1143
929.76,1110
929.94,1050
930.05,942
930.24,1373
930.36,1224
930.46,1321
930.65,1172
930.76,1056
930.98,1429
931.08,1550
931.27,782
931.37,966
931.56,837
931.66,1039
931.85,977
931.96,1057
932.14,1079
932.25,1061
932.44,1015
932.54,959
932.73,1215
932.83,1004
933.02,1031
933.12,1033
933.31,1071
933.42,1034
933.62,1051
933.79,1052
933.89,1065
934.08,1011
934.18,1071
934.37,1121
934.48,1037
934.66,989
934.77,1135
934.96,956
935.06,1023
935.25,977
935.35,1376
935.54,956
935.65,1070
935.84,1334
935.94,888
936.18,897
936.28,1048
936.47,1011
936.57,1030
936.76,1001
936.88,1016
936.99,1066
937.18,1069
937.28,1014
937.47,1106
937.57,1000
937.76,1152
937.86,1097
938.05,952
938.16,1049
938.34,1031
938.45,1164
938.64,891
938.74,952
938.93,1076
939.03,1097
939.21,917
939.32,1104
939.50,1170
939.61,1089
939.80,1137
939.91,1068
940.14,893
940.25,969
940.44,928
940.54,1054
940.73,1052
940.83,1053
941.02,1041
941.12,1036
941.31,964
941.42,1093
941.60,978
941.71,990
941.90,992
942.00,1219
942.19,1264
942.29,952
942.48,1192
942.58,1107
942.77,997
942.88,951
943.09,1120
943.19,1189
943.40,793
943.59,1059
943.69,975
943.88,958
943.98,958
944.17,922
944.28,977
944.46,1002
944.57,822
944.76,1146
944.86,1170
945.05,1120
945.15,979
945.34,1130
945.44,1095
945.63,1012
945.74,737
945.92,1436
946.03,1101
946.22,1550
946.32,1561
946.51,943
946.63,1551
946.74,1504
946.92,859
947.03,895
947.22,1043
947.32,2274
947.51,862
947.62,1045
947.80,1057
947.91,1280
948.10,1010
948.20,1142
948.39,1026
948.49,1032
948.68,1101
948.78,1039
949.00,1040
949.10,1051
949.29,1033
949.40,1054
949.58,1069
949.71,1085
949.81,1164
949.98,921
950.08,1026
950.27,1069
950.37,1228
950.56,1083
950.66,991
950.85,1120
950.96,884
951.14,1016
951.25,1084
951.44,1038
951.54,1047
951.73,983
951.83,1072
952.02,1035
952.12,1085
952.31,1097
952.42,1029
952.60,1045
952.71,1018
952.92,1052
953.10,967
953.21,952
953.40,1077
953.50,1069
953.69,1175
953.79,1058
953.98,1090
954.08,1066
954.27,1028
954.38,1047
954.56,1129
954.67,1026
954.86,1078
954.96,1018
955.14,1032
955.24,1048
955.43,1036
955.53,1186
955.72,1065
955.82,1055
956.04,1024
956.26,1071
956.37,1052
956.56,1040
956.66,1081
956.85,1004
956.95,1042
957.14,1062
957.24,1060
957.43,1053
957.54,1173
957.72,1190
957.83,842
957.99,1118
958.10,1296
958.28,697
958.39,1379
958.58,1076
958.68,1158
958.87,1156
958.97,1264
959.16,907
959.28,1581
959.39,1090
959.58,957
959.68,871
959.87,1078
959.97,975
960.16,1026
960.26,1029
960.44,1057
960.54,1051
960.73,1024
960.84,1051
961.02,1031
961.13,1023
961.32,1049
961.42,1024
961.61,1028
961.71,992
961.95,1014
962.06,1004
962.24,1050
962.35,1212
962.56,1122
962.74,941
962.85,1159
963.04,873
963.14,1058
963.33,899
963.43,1066
963.62,1119
963.72,1066
963.91,1060
964.02,1107
964.20,868
964.31,1196
964.50,815
964.60,1341
964.79,797
964.89,1096
965.08,963
965.18,1178
965.37,1013
965.48,1043
965.66,886
965.79,738
965.89,1081
966.08,1223
966.18,854
966.37,1053
966.48,1375
966.66,823
966.77,1159
966.96,689
967.06,1219
967.25,1580
967.35,1182
967.54,1294
967.64,951
967.83,1109
967.94,1181
968.12,1024
968.23,1090
968.42,1094
968.52,1199
968.71,1017
968.81,1075
969.02,1200
969.21,1576
969.31,987
969.50,763
969.60,826
969.79,967
969.90,1199
970.08,1047
970.19,1152
970.38,1645
970.48,1120
970.67,1034
970.77,1090
970.96,1103
971.06,1017
971.25,1063
971.36,1051
971.54,1007
971.65,1024
971.84,1269
971.94,1016
972.18,1057
972.36,1163
972.47,1095
972.66,1007
972.76,1079
972.95,1040
973.05,986
973.24,1037
973.34,1053
973.52,1030
973.62,1014
973.81,1004
973.91,991
974.10,1123
974.20,909
974.39,1019
974.50,951
974.68,1079
974.79,982
974.98,883
975.08,952
975.27,1010
975.39,994
975.50,1000
975.68,1081
975.79,1111
975.98,1172
976.08,1082
976.27,1998
976.37,732
976.56,1248
976.66,878
976.85,1278
976.96,969
977.14,1208
977.25,962
977.44,1132
977.54,1004
977.73,1089
977.83,1032
978.02,1063
978.12,1022
978.31,1028
978.42,1034
978.62,1030
978.81,1029
978.92,1113
979.10,930
979.21,1141
979.40,1057
979.50,1055
979.69,1048
979.79,1043
979.98,1047
980.08,1026
980.27,1053
980.38,1017
980.62,1030
980.72,1011
980.91,1019
981.01,1037
981.23,969
981.33,1045
981.52,1098
981.62,1079
981.86,984
982.05,1041
982.16,1006
982.34,1066
982.45,1456
982.64,703
982.74,883
982.93,888
983.03,922
983.22,1085
983.32,1021
983.51,922
983.62,1005
983.80,1189
983.91,1027
984.10,1012
984.20,1185
984.39,1201
984.49,1497
984.68,923
984.78,1118
984.97,902
985.10,1143
985.20,1089
985.39,1027
985.49,1075
985.68,1425
985.78,1527
985.97,803
986.08,790
986.33,1089
986.53,903
986.64,1086
986.82,993
986.93,1060
987.12,1122
987.22,1070
987.41,1071
987.51,1085
987.70,980
987.80,1103
987.99,1053
988.10,1400
988.28,1045
988.41,979
988.51,1143
988.70,1018
988.80,1017
988.99,1326
989.10,975
989.28,1036
989.39,1043
989.58,1062
989.68,880
989.87,1018
989.97,1371
990.16,1006
990.26,1063
990.45,1020
990.56,1034
990.74,980
990.85,1006
991.04,1059
991.14,979
991.33,1034
991.43,1039
991.64,1076
991.83,1089
991.93,1021
992.12,1000
992.22,1014
992.41,1042
992.52,1534
992.70,1461
992.81,910
993.00,1092
993.10,985
993.29,1465
993.39,2914
993.58,1048
993.68,1180
993.87,919
993.98,1069
994.16,844
994.27,1370
994.46,1478
994.56,1176
994.75,808
994.87,1612
994.98,1482
995.16,1443
995.27,1491
995.46,1347
995.56,1188
995.75,1245
995.85,1085
996.04,588
996.14,972
996.33,632
996.44,1489
996.62,1163
996.73,1288
996.92,1159
997.02,1183
997.21,824
997.31,998
997.50,1112
997.60,1172
997.79,1194
997.92,1074
998.02,923
998.21,970
998.31,1120
998.54,840
998.65,663
998.84,1096
998.94,1073
999.16,976
999.26,1035
999.45,1046
999.55,1643
999.74,1206
999.84,617
1000.03,1509
1000.14,1697
1000.32,900
1000.43,933
1000.62,494
1000.72,654
1000.91,2286
1001.01,982
1001.22,773
1001.42,894
1001.52,852
1001.71,730
1001.82,836
1002.00,614
1002.11,472
1002.30,982
1002.40,976
1002.59,1140
1002.69,736
1002.88,972
1002.98,1154
1003.17,944
1003.28,1030
1003.46,1093
1003.57,1351
1003.76,1003
1003.86,936
1004.05,1054
1004.15,1106
1004.36,1152
1004.46,380
1004.57,1302
1004.67,1026
1004.78,913
1004.88,1042
1004.98,1029
1005.09,1024
1005.19,1043
1005.30,1024
1005.40,1023
1005.50,1002
1005.61,1025
1005.71,1026
1005.82,1032
1005.92,1034
1006.02,1022
1006.13,1106
1006.23,1036
1006.34,1027
1006.57,1024
1006.68,1035
1006.78,1027
1006.88,1034
1006.99,1030
1007.09,1027
1007.20,1045
1007.30,1026
1007.40,1034
1007.51,1024
1007.61,1022
1007.72,1034
1007.82,1030
1007.92,1038
1008.03,1029
1008.13,1031
1008.24,1027
1008.34,1023
1008.44,1029
1008.57,1026
1008.67,1030
1008.78,1031
1008.88,1024
1008.98,1032
1009.09,1024
1009.19,1026
1009.30,1027
1009.40,1027
1009.50,1028
1009.61,1024
1009.71,1027
1009.82,1034
1009.92,1026
1010.02,1028
1010.13,1020
1010.23,1023
1010.34,1033
1010.44,1038
1010.54,1029
1010.67,1028
1010.77,1032
1010.88,1032
1010.98,1021
1011.08,1037
1011.19,1025
1011.29,1034
1011.40,1025
1011.50,1028
1011.60,1025
1011.71,1024
1011.81,1023
1011.92,1027
1012.02,1019
1012.12,1027
